time,station_x,latitude_x,longitude_x,tas,Year,T,station_y,latitude_y,longitude_y,RH,HI,Hot_Day,Heat_Wave_Day
1987-01-01T12:00:00Z,GridPointRequestedAt[41.884N_87.632W],41.875,-87.625,262.67548,1987,13.145864000000028,GridPointRequestedAt[41.884N_87.632W],41.875,-87.625,86.86933,10.694586455000033,False,False
1987-01-02T12:00:00Z,GridPointRequestedAt[41.884N_87.632W],41.875,-87.625,268.6527,1987,23.904860000000006,GridPointRequestedAt[41.884N_87.632W],41.875,-87.625,86.31662,21.97854357000001,False,False
1987-01-03T12:00:00Z,GridPointRequestedAt[41.884N_87.632W],41.875,-87.625,260.98175,1987,10.09715,GridPointRequestedAt[41.884N_87.632W],41.875,-87.625,83.13423,7.4056619050000005,False,False
1987-01-04T12:00:00Z,GridPointRequestedAt[41.884N_87.632W],41.875,-87.625,259.25107,1987,6.98192600000009,GridPointRequestedAt[41.884N_87.632W],41.875,-87.625,87.30425,4.232672175000093,False,False
1987-01-05T12:00:00Z,GridPointRequestedAt[41.884N_87.632W],41.875,-87.625,269.70557,1987,25.80002600000008,GridPointRequestedAt[41.884N_87.632W],41.875,-87.625,93.339806,24.13351274100009,False,False
1987-01-06T12:00:00Z,GridPointRequestedAt[41.884N_87.632W],41.875,-87.625,269.87674,1987,26.10813200000001,GridPointRequestedAt[41.884N_87.632W],41.875,-87.625,84.427475,24.247584262500013,False,False
1987-01-07T12:00:00Z,GridPointRequestedAt[41.884N_87.632W],41.875,-87.625,261.2784,1987,10.63112,GridPointRequestedAt[41.884N_87.632W],41.875,-87.625,93.00415,8.198273524999998,False,False
1987-01-08T12:00:00Z,GridPointRequestedAt[41.884N_87.632W],41.875,-87.625,264.34805,1987,16.15649000000004,GridPointRequestedAt[41.884N_87.632W],41.875,-87.625,93.77348,14.017991280000045,False,False
1987-01-09T12:00:00Z,GridPointRequestedAt[41.884N_87.632W],41.875,-87.625,269.89825,1987,26.146850000000075,GridPointRequestedAt[41.884N_87.632W],41.875,-87.625,90.81402,24.438321970000075,False,False
1987-01-10T12:00:00Z,GridPointRequestedAt[41.884N_87.632W],41.875,-87.625,260.07605,1987,8.466890000000056,GridPointRequestedAt[41.884N_87.632W],41.875,-87.625,80.92404,5.64194944000006,False,False
1987-01-11T12:00:00Z,GridPointRequestedAt[41.884N_87.632W],41.875,-87.625,258.9622,1987,6.461960000000033,GridPointRequestedAt[41.884N_87.632W],41.875,-87.625,81.02183,3.5390710050000362,False,False
1987-01-12T12:00:00Z,GridPointRequestedAt[41.884N_87.632W],41.875,-87.625,253.34518,1987,-3.648675999999959,GridPointRequestedAt[41.884N_87.632W],41.875,-87.625,84.389915,-6.997946797499958,False,False
1987-01-13T12:00:00Z,GridPointRequestedAt[41.884N_87.632W],41.875,-87.625,251.52103,1987,-6.932145999999968,GridPointRequestedAt[41.884N_87.632W],41.875,-87.625,95.025665,-10.195650172499967,False,False
1987-01-14T12:00:00Z,GridPointRequestedAt[41.884N_87.632W],41.875,-87.625,259.9381,1987,8.218580000000077,GridPointRequestedAt[41.884N_87.632W],41.875,-87.625,93.121506,5.66786439100008,False,False
1987-01-15T12:00:00Z,GridPointRequestedAt[41.884N_87.632W],41.875,-87.625,255.21204,1987,-0.2883279999999573,GridPointRequestedAt[41.884N_87.632W],41.875,-87.625,87.072495,-3.406540767499952,False,False
1987-01-16T12:00:00Z,GridPointRequestedAt[41.884N_87.632W],41.875,-87.625,247.33888,1987,-14.460015999999982,GridPointRequestedAt[41.884N_87.632W],41.875,-87.625,95.70802,-18.083878329999983,False,False
1987-01-17T12:00:00Z,GridPointRequestedAt[41.884N_87.632W],41.875,-87.625,260.21262,1987,8.712716000000068,GridPointRequestedAt[41.884N_87.632W],41.875,-87.625,87.068115,6.044452502500075,False,False
1987-01-18T12:00:00Z,GridPointRequestedAt[41.884N_87.632W],41.875,-87.625,269.37994,1987,25.213892,GridPointRequestedAt[41.884N_87.632W],41.875,-87.625,84.549446,23.311498581000002,False,False
1987-01-19T12:00:00Z,GridPointRequestedAt[41.884N_87.632W],41.875,-87.625,268.47214,1987,23.579852000000084,GridPointRequestedAt[41.884N_87.632W],41.875,-87.625,87.10464,21.655803640000087,False,False
1987-01-20T12:00:00Z,GridPointRequestedAt[41.884N_87.632W],41.875,-87.625,256.29205,1987,1.655690000000071,GridPointRequestedAt[41.884N_87.632W],41.875,-87.625,97.11375,-1.1293523749999235,False,False
1987-01-21T12:00:00Z,GridPointRequestedAt[41.884N_87.632W],41.875,-87.625,263.93866,1987,15.41958800000009,GridPointRequestedAt[41.884N_87.632W],41.875,-87.625,91.81648,13.198254680000094,False,False
1987-01-22T12:00:00Z,GridPointRequestedAt[41.884N_87.632W],41.875,-87.625,265.92328,1987,18.991904,GridPointRequestedAt[41.884N_87.632W],41.875,-87.625,92.52548,16.965847980000003,False,False
1987-01-23T12:00:00Z,GridPointRequestedAt[41.884N_87.632W],41.875,-87.625,273.92877,1987,33.401786000000016,GridPointRequestedAt[41.884N_87.632W],41.875,-87.625,90.1766,32.04102540000002,False,False
1987-01-24T12:00:00Z,GridPointRequestedAt[41.884N_87.632W],41.875,-87.625,270.2881,1987,26.848580000000016,GridPointRequestedAt[41.884N_87.632W],41.875,-87.625,84.8462,25.034894700000017,False,False
1987-01-25T12:00:00Z,GridPointRequestedAt[41.884N_87.632W],41.875,-87.625,268.34106,1987,23.34390800000009,GridPointRequestedAt[41.884N_87.632W],41.875,-87.625,82.92878,21.309929730000096,False,False
1987-01-26T12:00:00Z,GridPointRequestedAt[41.884N_87.632W],41.875,-87.625,272.06024,1987,30.03843200000008,GridPointRequestedAt[41.884N_87.632W],41.875,-87.625,91.814316,28.547990026000086,False,False
1987-01-27T12:00:00Z,GridPointRequestedAt[41.884N_87.632W],41.875,-87.625,272.13315,1987,30.169670000000043,GridPointRequestedAt[41.884N_87.632W],41.875,-87.625,90.93183,28.665051505000044,False,False
1987-01-28T12:00:00Z,GridPointRequestedAt[41.884N_87.632W],41.875,-87.625,267.97217,1987,22.67990600000005,GridPointRequestedAt[41.884N_87.632W],41.875,-87.625,88.45321,20.74255173500005,False,False
1987-01-29T12:00:00Z,GridPointRequestedAt[41.884N_87.632W],41.875,-87.625,266.43066,1987,19.90518800000002,GridPointRequestedAt[41.884N_87.632W],41.875,-87.625,86.805145,17.790368307500025,False,False
1987-01-30T12:00:00Z,GridPointRequestedAt[41.884N_87.632W],41.875,-87.625,272.27264,1987,30.42075200000009,GridPointRequestedAt[41.884N_87.632W],41.875,-87.625,81.92609,28.717052715000094,False,False
1987-02-01T12:00:00Z,GridPointRequestedAt[41.884N_87.632W],41.875,-87.625,270.37845,1987,27.011210000000016,GridPointRequestedAt[41.884N_87.632W],41.875,-87.625,77.500435,25.03303072250002,False,False
1987-02-02T12:00:00Z,GridPointRequestedAt[41.884N_87.632W],41.875,-87.625,269.19916,1987,24.88848800000005,GridPointRequestedAt[41.884N_87.632W],41.875,-87.625,85.281654,22.987031269000056,False,False
1987-02-03T12:00:00Z,GridPointRequestedAt[41.884N_87.632W],41.875,-87.625,271.1701,1987,28.436180000000025,GridPointRequestedAt[41.884N_87.632W],41.875,-87.625,85.73469,26.722754215000023,False,False
1987-02-04T12:00:00Z,GridPointRequestedAt[41.884N_87.632W],41.875,-87.625,265.68237,1987,18.558266000000025,GridPointRequestedAt[41.884N_87.632W],41.875,-87.625,84.1207,16.313015750000027,False,False
1987-02-05T12:00:00Z,GridPointRequestedAt[41.884N_87.632W],41.875,-87.625,262.01855,1987,11.96339000000005,GridPointRequestedAt[41.884N_87.632W],41.875,-87.625,87.07362,9.45778957000005,False,False
1987-02-06T12:00:00Z,GridPointRequestedAt[41.884N_87.632W],41.875,-87.625,264.21033,1987,15.90859400000004,GridPointRequestedAt[41.884N_87.632W],41.875,-87.625,86.88536,13.59582966000004,False,False
1987-02-07T12:00:00Z,GridPointRequestedAt[41.884N_87.632W],41.875,-87.625,258.3771,1987,5.408780000000014,GridPointRequestedAt[41.884N_87.632W],41.875,-87.625,94.70215,2.7547195250000156,False,False
1987-02-08T12:00:00Z,GridPointRequestedAt[41.884N_87.632W],41.875,-87.625,257.26138,1987,3.400483999999995,GridPointRequestedAt[41.884N_87.632W],41.875,-87.625,95.17048,0.6570144799999951,False,False
1987-02-09T12:00:00Z,GridPointRequestedAt[41.884N_87.632W],41.875,-87.625,260.74564,1987,9.672152000000004,GridPointRequestedAt[41.884N_87.632W],41.875,-87.625,92.86498,7.188086630000008,False,False
1987-02-10T12:00:00Z,GridPointRequestedAt[41.884N_87.632W],41.875,-87.625,260.06433,1987,8.445794000000014,GridPointRequestedAt[41.884N_87.632W],41.875,-87.625,91.66507,5.872212845000012,False,False
1987-02-11T12:00:00Z,GridPointRequestedAt[41.884N_87.632W],41.875,-87.625,265.62823,1987,18.460813999999992,GridPointRequestedAt[41.884N_87.632W],41.875,-87.625,93.54006,16.432046109999995,False,False
1987-02-12T12:00:00Z,GridPointRequestedAt[41.884N_87.632W],41.875,-87.625,260.46515,1987,9.16727000000003,GridPointRequestedAt[41.884N_87.632W],41.875,-87.625,79.73038,6.349297430000033,False,False
1987-02-13T12:00:00Z,GridPointRequestedAt[41.884N_87.632W],41.875,-87.625,248.23526,1987,-12.84653199999994,GridPointRequestedAt[41.884N_87.632W],41.875,-87.625,98.05787,-16.334498654999933,False,False
1987-02-14T12:00:00Z,GridPointRequestedAt[41.884N_87.632W],41.875,-87.625,251.17392,1987,-7.556943999999945,GridPointRequestedAt[41.884N_87.632W],41.875,-87.625,98.914894,-10.76029119099994,False,False
1987-02-15T12:00:00Z,GridPointRequestedAt[41.884N_87.632W],41.875,-87.625,253.64124,1987,-3.115767999999939,GridPointRequestedAt[41.884N_87.632W],41.875,-87.625,99.1961,-6.090448049999938,False,False
1987-02-16T12:00:00Z,GridPointRequestedAt[41.884N_87.632W],41.875,-87.625,259.16782,1987,6.83207600000005,GridPointRequestedAt[41.884N_87.632W],41.875,-87.625,97.507904,4.315115544000056,False,False
1987-02-17T12:00:00Z,GridPointRequestedAt[41.884N_87.632W],41.875,-87.625,259.2965,1987,7.063700000000004,GridPointRequestedAt[41.884N_87.632W],41.875,-87.625,84.514725,4.252981037500006,False,False
1987-02-18T12:00:00Z,GridPointRequestedAt[41.884N_87.632W],41.875,-87.625,254.39667,1987,-1.7559939999999583,GridPointRequestedAt[41.884N_87.632W],41.875,-87.625,96.391716,-4.728588373999955,False,False
1987-02-19T12:00:00Z,GridPointRequestedAt[41.884N_87.632W],41.875,-87.625,256.6278,1987,2.260040000000004,GridPointRequestedAt[41.884N_87.632W],41.875,-87.625,95.50789,-0.5325225849999968,False,False
1987-02-20T12:00:00Z,GridPointRequestedAt[41.884N_87.632W],41.875,-87.625,256.11063,1987,1.329134000000067,GridPointRequestedAt[41.884N_87.632W],41.875,-87.625,96.245384,-1.492642775999928,False,False
1987-02-21T12:00:00Z,GridPointRequestedAt[41.884N_87.632W],41.875,-87.625,264.98947,1987,17.31104600000001,GridPointRequestedAt[41.884N_87.632W],41.875,-87.625,90.154945,15.14523950750001,False,False
1987-02-22T12:00:00Z,GridPointRequestedAt[41.884N_87.632W],41.875,-87.625,265.36526,1987,17.987468,GridPointRequestedAt[41.884N_87.632W],41.875,-87.625,95.318245,15.976820157500004,False,False
1987-02-23T12:00:00Z,GridPointRequestedAt[41.884N_87.632W],41.875,-87.625,266.09857,1987,19.30742600000003,GridPointRequestedAt[41.884N_87.632W],41.875,-87.625,83.931496,17.095187456000033,False,False
1987-02-24T12:00:00Z,GridPointRequestedAt[41.884N_87.632W],41.875,-87.625,259.75015,1987,7.880270000000074,GridPointRequestedAt[41.884N_87.632W],41.875,-87.625,87.77889,5.187087415000079,False,False
1987-02-25T12:00:00Z,GridPointRequestedAt[41.884N_87.632W],41.875,-87.625,265.185,1987,17.663000000000046,GridPointRequestedAt[41.884N_87.632W],41.875,-87.625,87.541756,15.453381266000049,False,False
1987-02-26T12:00:00Z,GridPointRequestedAt[41.884N_87.632W],41.875,-87.625,267.03113,1987,20.986034000000075,GridPointRequestedAt[41.884N_87.632W],41.875,-87.625,89.86331,18.997123485000078,False,False
1987-02-27T12:00:00Z,GridPointRequestedAt[41.884N_87.632W],41.875,-87.625,264.8573,1987,17.07314000000006,GridPointRequestedAt[41.884N_87.632W],41.875,-87.625,97.658066,15.07176155100006,False,False
1987-02-28T12:00:00Z,GridPointRequestedAt[41.884N_87.632W],41.875,-87.625,269.9499,1987,26.239820000000066,GridPointRequestedAt[41.884N_87.632W],41.875,-87.625,86.166016,24.42671237600007,False,False
1987-02-29T12:00:00Z,GridPointRequestedAt[41.884N_87.632W],41.875,-87.625,269.8575,1987,26.07350000000007,GridPointRequestedAt[41.884N_87.632W],41.875,-87.625,94.54666,24.449021510000073,False,False
1987-02-30T12:00:00Z,GridPointRequestedAt[41.884N_87.632W],41.875,-87.625,276.7334,1987,38.45012000000007,GridPointRequestedAt[41.884N_87.632W],41.875,-87.625,93.890625,37.429055687500075,False,False
1987-03-01T12:00:00Z,GridPointRequestedAt[41.884N_87.632W],41.875,-87.625,279.9929,1987,44.31722000000008,GridPointRequestedAt[41.884N_87.632W],41.875,-87.625,95.62999,43.630385765000085,False,False
1987-03-02T12:00:00Z,GridPointRequestedAt[41.884N_87.632W],41.875,-87.625,277.74847,1987,40.277246000000034,GridPointRequestedAt[41.884N_87.632W],41.875,-87.625,83.37479,39.10041586500003,False,False
1987-03-03T12:00:00Z,GridPointRequestedAt[41.884N_87.632W],41.875,-87.625,273.59543,1987,32.80177400000008,GridPointRequestedAt[41.884N_87.632W],41.875,-87.625,75.93355,31.076301125000086,False,False
1987-03-04T12:00:00Z,GridPointRequestedAt[41.884N_87.632W],41.875,-87.625,272.5291,1987,30.88238000000009,GridPointRequestedAt[41.884N_87.632W],41.875,-87.625,87.056694,29.3223313090001,False,False
1987-03-05T12:00:00Z,GridPointRequestedAt[41.884N_87.632W],41.875,-87.625,273.82336,1987,33.212048,GridPointRequestedAt[41.884N_87.632W],41.875,-87.625,83.61922,31.687702070000004,False,False
1987-03-06T12:00:00Z,GridPointRequestedAt[41.884N_87.632W],41.875,-87.625,277.31653,1987,39.49975400000004,GridPointRequestedAt[41.884N_87.632W],41.875,-87.625,91.846016,38.48312307600004,False,False
1987-03-07T12:00:00Z,GridPointRequestedAt[41.884N_87.632W],41.875,-87.625,277.57526,1987,39.96546800000007,GridPointRequestedAt[41.884N_87.632W],41.875,-87.625,96.02332,39.07028942000008,False,False
1987-03-08T12:00:00Z,GridPointRequestedAt[41.884N_87.632W],41.875,-87.625,277.63248,1987,40.06846400000002,GridPointRequestedAt[41.884N_87.632W],41.875,-87.625,93.75617,39.12515719500002,False,False
1987-03-09T12:00:00Z,GridPointRequestedAt[41.884N_87.632W],41.875,-87.625,276.6739,1987,38.343020000000045,GridPointRequestedAt[41.884N_87.632W],41.875,-87.625,92.35735,37.28056872500005,False,False
1987-03-10T12:00:00Z,GridPointRequestedAt[41.884N_87.632W],41.875,-87.625,277.90887,1987,40.565966,GridPointRequestedAt[41.884N_87.632W],41.875,-87.625,94.90211,39.67446388500001,False,False
1987-03-11T12:00:00Z,GridPointRequestedAt[41.884N_87.632W],41.875,-87.625,276.77777,1987,38.529986,GridPointRequestedAt[41.884N_87.632W],41.875,-87.625,92.385345,37.4775409075,False,False
1987-03-12T12:00:00Z,GridPointRequestedAt[41.884N_87.632W],41.875,-87.625,270.6764,1987,27.54752000000004,GridPointRequestedAt[41.884N_87.632W],41.875,-87.625,83.63724,25.740371140000047,False,False
1987-03-13T12:00:00Z,GridPointRequestedAt[41.884N_87.632W],41.875,-87.625,271.49164,1987,29.014952000000072,GridPointRequestedAt[41.884N_87.632W],41.875,-87.625,82.248055,27.248528892500076,False,False
1987-03-14T12:00:00Z,GridPointRequestedAt[41.884N_87.632W],41.875,-87.625,271.5327,1987,29.08886,GridPointRequestedAt[41.884N_87.632W],41.875,-87.625,74.80803,27.151291705,False,False
1987-03-15T12:00:00Z,GridPointRequestedAt[41.884N_87.632W],41.875,-87.625,274.5841,1987,34.58138,GridPointRequestedAt[41.884N_87.632W],41.875,-87.625,81.77678,33.08220333,False,False
1987-03-16T12:00:00Z,GridPointRequestedAt[41.884N_87.632W],41.875,-87.625,280.6671,1987,45.53078000000005,GridPointRequestedAt[41.884N_87.632W],41.875,-87.625,78.71155,44.50704042500005,False,False
1987-03-17T12:00:00Z,GridPointRequestedAt[41.884N_87.632W],41.875,-87.625,285.71866,1987,54.62358800000004,GridPointRequestedAt[41.884N_87.632W],41.875,-87.625,84.56984,54.192158640000045,False,False
1987-03-18T12:00:00Z,GridPointRequestedAt[41.884N_87.632W],41.875,-87.625,284.089,1987,51.69020000000004,GridPointRequestedAt[41.884N_87.632W],41.875,-87.625,72.69095,50.832947325000035,False,False
1987-03-19T12:00:00Z,GridPointRequestedAt[41.884N_87.632W],41.875,-87.625,284.2063,1987,51.90134000000004,GridPointRequestedAt[41.884N_87.632W],41.875,-87.625,84.95322,51.34280767000004,False,False
1987-03-20T12:00:00Z,GridPointRequestedAt[41.884N_87.632W],41.875,-87.625,283.9589,1987,51.456020000000095,GridPointRequestedAt[41.884N_87.632W],41.875,-87.625,80.83793,50.7785123550001,False,False
1987-03-21T12:00:00Z,GridPointRequestedAt[41.884N_87.632W],41.875,-87.625,279.16522,1987,42.827396,GridPointRequestedAt[41.884N_87.632W],41.875,-87.625,65.607414,41.360540029,False,False
1987-03-22T12:00:00Z,GridPointRequestedAt[41.884N_87.632W],41.875,-87.625,283.96606,1987,51.46890800000009,GridPointRequestedAt[41.884N_87.632W],41.875,-87.625,72.60042,50.598463270000096,False,False
1987-03-23T12:00:00Z,GridPointRequestedAt[41.884N_87.632W],41.875,-87.625,281.21643,1987,46.51957400000005,GridPointRequestedAt[41.884N_87.632W],41.875,-87.625,64.7272,45.21664190000005,False,False
1987-03-24T12:00:00Z,GridPointRequestedAt[41.884N_87.632W],41.875,-87.625,280.52856,1987,45.28140800000009,GridPointRequestedAt[41.884N_87.632W],41.875,-87.625,64.91798,43.92105093000009,False,False
1987-03-25T12:00:00Z,GridPointRequestedAt[41.884N_87.632W],41.875,-87.625,282.78445,1987,49.34201000000003,GridPointRequestedAt[41.884N_87.632W],41.875,-87.625,74.08784,48.40017474000003,False,False
1987-03-26T12:00:00Z,GridPointRequestedAt[41.884N_87.632W],41.875,-87.625,285.6219,1987,54.44942000000001,GridPointRequestedAt[41.884N_87.632W],41.875,-87.625,79.66628,53.89404858000001,False,False
1987-03-27T12:00:00Z,GridPointRequestedAt[41.884N_87.632W],41.875,-87.625,279.5359,1987,43.49462000000009,GridPointRequestedAt[41.884N_87.632W],41.875,-87.625,49.03337,41.67163519500009,False,False
1987-03-28T12:00:00Z,GridPointRequestedAt[41.884N_87.632W],41.875,-87.625,278.99408,1987,42.51934400000003,GridPointRequestedAt[41.884N_87.632W],41.875,-87.625,65.446205,41.03329701750003,False,False
1987-03-29T12:00:00Z,GridPointRequestedAt[41.884N_87.632W],41.875,-87.625,283.53632,1987,50.69537600000002,GridPointRequestedAt[41.884N_87.632W],41.875,-87.625,78.49786,49.924844510000014,False,False
1987-03-30T12:00:00Z,GridPointRequestedAt[41.884N_87.632W],41.875,-87.625,281.3474,1987,46.755320000000026,GridPointRequestedAt[41.884N_87.632W],41.875,-87.625,66.771904,45.512225744000034,False,False
1987-04-01T12:00:00Z,GridPointRequestedAt[41.884N_87.632W],41.875,-87.625,276.51465,1987,38.05637000000007,GridPointRequestedAt[41.884N_87.632W],41.875,-87.625,67.74975,36.40130762500007,False,False
1987-04-02T12:00:00Z,GridPointRequestedAt[41.884N_87.632W],41.875,-87.625,277.0624,1987,39.04232000000009,GridPointRequestedAt[41.884N_87.632W],41.875,-87.625,72.274284,37.54288167400009,False,False
1987-04-03T12:00:00Z,GridPointRequestedAt[41.884N_87.632W],41.875,-87.625,279.77972,1987,43.933496000000034,GridPointRequestedAt[41.884N_87.632W],41.875,-87.625,77.01884,42.790113540000036,False,False
1987-04-04T12:00:00Z,GridPointRequestedAt[41.884N_87.632W],41.875,-87.625,280.32745,1987,44.91941000000004,GridPointRequestedAt[41.884N_87.632W],41.875,-87.625,90.10837,44.13292719500004,False,False
1987-04-05T12:00:00Z,GridPointRequestedAt[41.884N_87.632W],41.875,-87.625,279.64618,1987,43.69312400000007,GridPointRequestedAt[41.884N_87.632W],41.875,-87.625,78.59831,42.574840485000074,False,False
1987-04-06T12:00:00Z,GridPointRequestedAt[41.884N_87.632W],41.875,-87.625,276.34326,1987,37.74786800000002,GridPointRequestedAt[41.884N_87.632W],41.875,-87.625,63.884285,35.98654209750002,False,False
1987-04-07T12:00:00Z,GridPointRequestedAt[41.884N_87.632W],41.875,-87.625,280.53113,1987,45.28603400000007,GridPointRequestedAt[41.884N_87.632W],41.875,-87.625,70.60326,44.05951231000007,False,False
1987-04-08T12:00:00Z,GridPointRequestedAt[41.884N_87.632W],41.875,-87.625,285.96252,1987,55.06253600000001,GridPointRequestedAt[41.884N_87.632W],41.875,-87.625,87.33742,54.718092170000006,False,False
1987-04-09T12:00:00Z,GridPointRequestedAt[41.884N_87.632W],41.875,-87.625,285.1662,1987,53.62916000000005,GridPointRequestedAt[41.884N_87.632W],41.875,-87.625,93.24092,53.351779620000045,False,False
1987-04-10T12:00:00Z,GridPointRequestedAt[41.884N_87.632W],41.875,-87.625,284.38324,1987,52.21983200000004,GridPointRequestedAt[41.884N_87.632W],41.875,-87.625,83.09277,51.633503695000044,False,False
1987-04-11T12:00:00Z,GridPointRequestedAt[41.884N_87.632W],41.875,-87.625,287.40485,1987,57.65873000000006,GridPointRequestedAt[41.884N_87.632W],41.875,-87.625,88.88704,57.48051194000007,False,False
1987-04-12T12:00:00Z,GridPointRequestedAt[41.884N_87.632W],41.875,-87.625,285.21896,1987,53.72412800000001,GridPointRequestedAt[41.884N_87.632W],41.875,-87.625,88.31404,53.33571434000001,False,False
1987-04-13T12:00:00Z,GridPointRequestedAt[41.884N_87.632W],41.875,-87.625,282.56616,1987,48.94908800000009,GridPointRequestedAt[41.884N_87.632W],41.875,-87.625,80.5422,48.1392841000001,False,False
1987-04-14T12:00:00Z,GridPointRequestedAt[41.884N_87.632W],41.875,-87.625,281.90128,1987,47.75230400000002,GridPointRequestedAt[41.884N_87.632W],41.875,-87.625,91.34807,47.136598845000016,False,False
1987-04-15T12:00:00Z,GridPointRequestedAt[41.884N_87.632W],41.875,-87.625,281.2752,1987,46.625360000000015,GridPointRequestedAt[41.884N_87.632W],41.875,-87.625,76.88168,45.613347480000016,False,False
1987-04-16T12:00:00Z,GridPointRequestedAt[41.884N_87.632W],41.875,-87.625,282.7458,1987,49.27244,GridPointRequestedAt[41.884N_87.632W],41.875,-87.625,75.45442,48.35924087000001,False,False
1987-04-17T12:00:00Z,GridPointRequestedAt[41.884N_87.632W],41.875,-87.625,282.98947,1987,49.71104600000001,GridPointRequestedAt[41.884N_87.632W],41.875,-87.625,78.96105,48.90218297500001,False,False
1987-04-18T12:00:00Z,GridPointRequestedAt[41.884N_87.632W],41.875,-87.625,286.15097,1987,55.40174599999999,GridPointRequestedAt[41.884N_87.632W],41.875,-87.625,82.6723,54.96463234999999,False,False
1987-04-19T12:00:00Z,GridPointRequestedAt[41.884N_87.632W],41.875,-87.625,287.72186,1987,58.22934800000003,GridPointRequestedAt[41.884N_87.632W],41.875,-87.625,96.9309,58.26869155000003,False,False
1987-04-20T12:00:00Z,GridPointRequestedAt[41.884N_87.632W],41.875,-87.625,287.06772,1987,57.051896000000056,GridPointRequestedAt[41.884N_87.632W],41.875,-87.625,81.25563,56.66399810500006,False,False
1987-04-21T12:00:00Z,GridPointRequestedAt[41.884N_87.632W],41.875,-87.625,285.04456,1987,53.410208000000026,GridPointRequestedAt[41.884N_87.632W],41.875,-87.625,69.1024,52.55462480000003,False,False
1987-04-22T12:00:00Z,GridPointRequestedAt[41.884N_87.632W],41.875,-87.625,287.09747,1987,57.105446000000015,GridPointRequestedAt[41.884N_87.632W],41.875,-87.625,75.365654,56.58181116900002,False,False
1987-04-23T12:00:00Z,GridPointRequestedAt[41.884N_87.632W],41.875,-87.625,287.0772,1987,57.06896000000005,GridPointRequestedAt[41.884N_87.632W],41.875,-87.625,85.32328,56.77750508000005,False,False
1987-04-24T12:00:00Z,GridPointRequestedAt[41.884N_87.632W],41.875,-87.625,284.0804,1987,51.67472000000004,GridPointRequestedAt[41.884N_87.632W],41.875,-87.625,65.727455,50.653051192500044,False,False
1987-04-25T12:00:00Z,GridPointRequestedAt[41.884N_87.632W],41.875,-87.625,286.03986,1987,55.201748,GridPointRequestedAt[41.884N_87.632W],41.875,-87.625,68.07968,54.41170788,False,False
1987-04-26T12:00:00Z,GridPointRequestedAt[41.884N_87.632W],41.875,-87.625,284.5108,1987,52.44944000000008,GridPointRequestedAt[41.884N_87.632W],41.875,-87.625,62.729195,51.39604808250009,False,False
1987-04-27T12:00:00Z,GridPointRequestedAt[41.884N_87.632W],41.875,-87.625,282.60358,1987,49.01644400000008,GridPointRequestedAt[41.884N_87.632W],41.875,-87.625,73.75929,48.05060951500008,False,False
1987-04-28T12:00:00Z,GridPointRequestedAt[41.884N_87.632W],41.875,-87.625,285.12112,1987,53.54801600000008,GridPointRequestedAt[41.884N_87.632W],41.875,-87.625,78.99066,52.93169731000009,False,False
1987-04-29T12:00:00Z,GridPointRequestedAt[41.884N_87.632W],41.875,-87.625,291.40198,1987,64.853564,GridPointRequestedAt[41.884N_87.632W],41.875,-87.625,90.69423,65.07755660500001,False,False
1987-04-30T12:00:00Z,GridPointRequestedAt[41.884N_87.632W],41.875,-87.625,294.3471,1987,70.15478000000006,GridPointRequestedAt[41.884N_87.632W],41.875,-87.625,93.28838,70.70479593000007,False,False
1987-05-01T12:00:00Z,GridPointRequestedAt[41.884N_87.632W],41.875,-87.625,292.57703,1987,66.968654,GridPointRequestedAt[41.884N_87.632W],41.875,-87.625,99.20786,67.49847141000001,False,False
1987-05-02T12:00:00Z,GridPointRequestedAt[41.884N_87.632W],41.875,-87.625,291.98785,1987,65.90813,GridPointRequestedAt[41.884N_87.632W],41.875,-87.625,90.00195,66.168582325,False,False
1987-05-03T12:00:00Z,GridPointRequestedAt[41.884N_87.632W],41.875,-87.625,286.2066,1987,55.50188000000001,GridPointRequestedAt[41.884N_87.632W],41.875,-87.625,61.638485,54.57547839750001,False,False
1987-05-04T12:00:00Z,GridPointRequestedAt[41.884N_87.632W],41.875,-87.625,284.51334,1987,52.45401200000009,GridPointRequestedAt[41.884N_87.632W],41.875,-87.625,60.67933,51.3526768550001,False,False
1987-05-05T12:00:00Z,GridPointRequestedAt[41.884N_87.632W],41.875,-87.625,284.41144,1987,52.27059200000009,GridPointRequestedAt[41.884N_87.632W],41.875,-87.625,74.817345,51.4923292075001,False,False
1987-05-06T12:00:00Z,GridPointRequestedAt[41.884N_87.632W],41.875,-87.625,288.23508,1987,59.15314400000001,GridPointRequestedAt[41.884N_87.632W],41.875,-87.625,80.515434,58.852913899000015,False,False
1987-05-07T12:00:00Z,GridPointRequestedAt[41.884N_87.632W],41.875,-87.625,287.92035,1987,58.586630000000014,GridPointRequestedAt[41.884N_87.632W],41.875,-87.625,78.21408,58.20399238000002,False,False
1987-05-08T12:00:00Z,GridPointRequestedAt[41.884N_87.632W],41.875,-87.625,287.65082,1987,58.10147600000006,GridPointRequestedAt[41.884N_87.632W],41.875,-87.625,81.11196,57.76268086000006,False,False
1987-05-09T12:00:00Z,GridPointRequestedAt[41.884N_87.632W],41.875,-87.625,289.2165,1987,60.919700000000034,GridPointRequestedAt[41.884N_87.632W],41.875,-87.625,98.108986,61.12124617100004,False,False
1987-05-10T12:00:00Z,GridPointRequestedAt[41.884N_87.632W],41.875,-87.625,290.69324,1987,63.57783200000004,GridPointRequestedAt[41.884N_87.632W],41.875,-87.625,96.71671,63.879566285000045,False,False
1987-05-11T12:00:00Z,GridPointRequestedAt[41.884N_87.632W],41.875,-87.625,290.71475,1987,63.61655,GridPointRequestedAt[41.884N_87.632W],41.875,-87.625,92.52023,63.82160290499999,False,False
1987-05-12T12:00:00Z,GridPointRequestedAt[41.884N_87.632W],41.875,-87.625,286.4551,1987,55.94918000000007,GridPointRequestedAt[41.884N_87.632W],41.875,-87.625,69.09396,55.22034706000007,False,False
1987-05-13T12:00:00Z,GridPointRequestedAt[41.884N_87.632W],41.875,-87.625,284.62543,1987,52.65577400000003,GridPointRequestedAt[41.884N_87.632W],41.875,-87.625,66.21633,51.69464645500003,False,False
1987-05-14T12:00:00Z,GridPointRequestedAt[41.884N_87.632W],41.875,-87.625,288.64874,1987,59.897732,GridPointRequestedAt[41.884N_87.632W],41.875,-87.625,81.138435,59.6493718225,False,False
1987-05-15T12:00:00Z,GridPointRequestedAt[41.884N_87.632W],41.875,-87.625,287.68988,1987,58.17178400000007,GridPointRequestedAt[41.884N_87.632W],41.875,-87.625,75.0676,57.69446180000008,False,False
1987-05-16T12:00:00Z,GridPointRequestedAt[41.884N_87.632W],41.875,-87.625,288.4115,1987,59.47070000000002,GridPointRequestedAt[41.884N_87.632W],41.875,-87.625,73.88384,59.030505240000025,False,False
1987-05-17T12:00:00Z,GridPointRequestedAt[41.884N_87.632W],41.875,-87.625,288.26068,1987,59.199224,GridPointRequestedAt[41.884N_87.632W],41.875,-87.625,67.65448,58.59906548,False,False
1987-05-18T12:00:00Z,GridPointRequestedAt[41.884N_87.632W],41.875,-87.625,286.5647,1987,56.14646000000007,GridPointRequestedAt[41.884N_87.632W],41.875,-87.625,67.55802,55.391396470000075,False,False
1987-05-19T12:00:00Z,GridPointRequestedAt[41.884N_87.632W],41.875,-87.625,291.48383,1987,65.00089400000006,GridPointRequestedAt[41.884N_87.632W],41.875,-87.625,87.63339,65.16032336500007,False,False
1987-05-20T12:00:00Z,GridPointRequestedAt[41.884N_87.632W],41.875,-87.625,287.58154,1987,57.97677200000008,GridPointRequestedAt[41.884N_87.632W],41.875,-87.625,74.28841,57.471388235000084,False,False
1987-05-21T12:00:00Z,GridPointRequestedAt[41.884N_87.632W],41.875,-87.625,289.49866,1987,61.42758799999999,GridPointRequestedAt[41.884N_87.632W],41.875,-87.625,81.17455,61.256569324999994,False,False
1987-05-22T12:00:00Z,GridPointRequestedAt[41.884N_87.632W],41.875,-87.625,287.79352,1987,58.35833600000005,GridPointRequestedAt[41.884N_87.632W],41.875,-87.625,90.542786,58.25400827100005,False,False
1987-05-23T12:00:00Z,GridPointRequestedAt[41.884N_87.632W],41.875,-87.625,284.57587,1987,52.56656600000006,GridPointRequestedAt[41.884N_87.632W],41.875,-87.625,87.52012,52.10161712000006,False,False
1987-05-24T12:00:00Z,GridPointRequestedAt[41.884N_87.632W],41.875,-87.625,285.47842,1987,54.19115600000009,GridPointRequestedAt[41.884N_87.632W],41.875,-87.625,65.510704,53.290215344000096,False,False
1987-05-25T12:00:00Z,GridPointRequestedAt[41.884N_87.632W],41.875,-87.625,288.68512,1987,59.96321600000001,GridPointRequestedAt[41.884N_87.632W],41.875,-87.625,82.37439,59.74717496500001,False,False
1987-05-26T12:00:00Z,GridPointRequestedAt[41.884N_87.632W],41.875,-87.625,291.9453,1987,65.83153999999999,GridPointRequestedAt[41.884N_87.632W],41.875,-87.625,96.28214,66.23574728999998,False,False
1987-05-27T12:00:00Z,GridPointRequestedAt[41.884N_87.632W],41.875,-87.625,287.6665,1987,58.129700000000014,GridPointRequestedAt[41.884N_87.632W],41.875,-87.625,97.64638,58.180874930000016,False,False
1987-05-28T12:00:00Z,GridPointRequestedAt[41.884N_87.632W],41.875,-87.625,286.24777,1987,55.57598600000004,GridPointRequestedAt[41.884N_87.632W],41.875,-87.625,70.67841,54.86572793500005,False,False
1987-05-29T12:00:00Z,GridPointRequestedAt[41.884N_87.632W],41.875,-87.625,286.9911,1987,56.91398000000007,GridPointRequestedAt[41.884N_87.632W],41.875,-87.625,85.53344,56.61971484000007,False,False
1987-05-30T12:00:00Z,GridPointRequestedAt[41.884N_87.632W],41.875,-87.625,292.41714,1987,66.68085200000007,GridPointRequestedAt[41.884N_87.632W],41.875,-87.625,95.0308,67.09811840000008,False,False
1987-06-01T12:00:00Z,GridPointRequestedAt[41.884N_87.632W],41.875,-87.625,289.57318,1987,61.561724000000005,GridPointRequestedAt[41.884N_87.632W],41.875,-87.625,89.29906,61.58833811000001,False,False
1987-06-02T12:00:00Z,GridPointRequestedAt[41.884N_87.632W],41.875,-87.625,288.8469,1987,60.25442000000005,GridPointRequestedAt[41.884N_87.632W],41.875,-87.625,58.19529,59.48473031500006,False,False
1987-06-03T12:00:00Z,GridPointRequestedAt[41.884N_87.632W],41.875,-87.625,287.2704,1987,57.41672000000003,GridPointRequestedAt[41.884N_87.632W],41.875,-87.625,62.4388,56.60486780000004,False,False
1987-06-04T12:00:00Z,GridPointRequestedAt[41.884N_87.632W],41.875,-87.625,289.26538,1987,61.007684000000026,GridPointRequestedAt[41.884N_87.632W],41.875,-87.625,80.308334,60.79531404900003,False,False
1987-06-05T12:00:00Z,GridPointRequestedAt[41.884N_87.632W],41.875,-87.625,291.76877,1987,65.51378600000007,GridPointRequestedAt[41.884N_87.632W],41.875,-87.625,89.99728,65.75441138000008,False,False
1987-06-06T12:00:00Z,GridPointRequestedAt[41.884N_87.632W],41.875,-87.625,295.1018,1987,71.51324000000008,GridPointRequestedAt[41.884N_87.632W],41.875,-87.625,89.3797,72.0393249500001,False,False
1987-06-07T12:00:00Z,GridPointRequestedAt[41.884N_87.632W],41.875,-87.625,289.99582,1987,62.32247600000001,GridPointRequestedAt[41.884N_87.632W],41.875,-87.625,86.24384,62.315330040000006,False,False
1987-06-08T12:00:00Z,GridPointRequestedAt[41.884N_87.632W],41.875,-87.625,289.78418,1987,61.94152400000003,GridPointRequestedAt[41.884N_87.632W],41.875,-87.625,65.10185,61.418493675000036,False,False
1987-06-09T12:00:00Z,GridPointRequestedAt[41.884N_87.632W],41.875,-87.625,292.2308,1987,66.34544000000002,GridPointRequestedAt[41.884N_87.632W],41.875,-87.625,86.19182,66.53821977000003,False,False
1987-06-10T12:00:00Z,GridPointRequestedAt[41.884N_87.632W],41.875,-87.625,292.67844,1987,67.15119200000008,GridPointRequestedAt[41.884N_87.632W],41.875,-87.625,93.93884,67.56631434000008,False,False
1987-06-11T12:00:00Z,GridPointRequestedAt[41.884N_87.632W],41.875,-87.625,289.92273,1987,62.19091400000004,GridPointRequestedAt[41.884N_87.632W],41.875,-87.625,81.86198,62.07421623000005,False,False
1987-06-12T12:00:00Z,GridPointRequestedAt[41.884N_87.632W],41.875,-87.625,292.0015,1987,65.93270000000008,GridPointRequestedAt[41.884N_87.632W],41.875,-87.625,82.09505,66.00856867500008,False,False
1987-06-13T12:00:00Z,GridPointRequestedAt[41.884N_87.632W],41.875,-87.625,294.7309,1987,70.84562000000008,GridPointRequestedAt[41.884N_87.632W],41.875,-87.625,87.63032,71.29721352000008,False,False
1987-06-14T12:00:00Z,GridPointRequestedAt[41.884N_87.632W],41.875,-87.625,293.58698,1987,68.78656400000001,GridPointRequestedAt[41.884N_87.632W],41.875,-87.625,83.36249,69.03491071500001,False,False
1987-06-15T12:00:00Z,GridPointRequestedAt[41.884N_87.632W],41.875,-87.625,293.85712,1987,69.27281600000006,GridPointRequestedAt[41.884N_87.632W],41.875,-87.625,83.025024,69.53754486400007,False,False
1987-06-16T12:00:00Z,GridPointRequestedAt[41.884N_87.632W],41.875,-87.625,296.26367,1987,73.60460600000002,GridPointRequestedAt[41.884N_87.632W],41.875,-87.625,87.496216,74.19099737600001,False,False
1987-06-17T12:00:00Z,GridPointRequestedAt[41.884N_87.632W],41.875,-87.625,290.0818,1987,62.477240000000016,GridPointRequestedAt[41.884N_87.632W],41.875,-87.625,72.601234,62.15723099900002,False,False
1987-06-18T12:00:00Z,GridPointRequestedAt[41.884N_87.632W],41.875,-87.625,292.49155,1987,66.81479000000007,GridPointRequestedAt[41.884N_87.632W],41.875,-87.625,71.468636,66.68504244600007,False,False
1987-06-19T12:00:00Z,GridPointRequestedAt[41.884N_87.632W],41.875,-87.625,292.23462,1987,66.35231600000006,GridPointRequestedAt[41.884N_87.632W],41.875,-87.625,91.984276,66.68156228600006,False,False
1987-06-20T12:00:00Z,GridPointRequestedAt[41.884N_87.632W],41.875,-87.625,290.2634,1987,62.804120000000026,GridPointRequestedAt[41.884N_87.632W],41.875,-87.625,88.25558,62.86833213000003,False,False
1987-06-21T12:00:00Z,GridPointRequestedAt[41.884N_87.632W],41.875,-87.625,291.79968,1987,65.56942400000008,GridPointRequestedAt[41.884N_87.632W],41.875,-87.625,78.516266,65.54302745100009,False,False
1987-06-22T12:00:00Z,GridPointRequestedAt[41.884N_87.632W],41.875,-87.625,289.56842,1987,61.55315600000005,GridPointRequestedAt[41.884N_87.632W],41.875,-87.625,77.00605,61.29045597500006,False,False
1987-06-23T12:00:00Z,GridPointRequestedAt[41.884N_87.632W],41.875,-87.625,288.97424,1987,60.48363200000006,GridPointRequestedAt[41.884N_87.632W],41.875,-87.625,62.70002,59.83126407000006,False,False
1987-06-24T12:00:00Z,GridPointRequestedAt[41.884N_87.632W],41.875,-87.625,288.70877,1987,60.00578600000007,GridPointRequestedAt[41.884N_87.632W],41.875,-87.625,66.580345,59.420713407500074,False,False
1987-06-25T12:00:00Z,GridPointRequestedAt[41.884N_87.632W],41.875,-87.625,296.0464,1987,73.21352000000005,GridPointRequestedAt[41.884N_87.632W],41.875,-87.625,97.94769,74.02596671500005,False,False
1987-06-26T12:00:00Z,GridPointRequestedAt[41.884N_87.632W],41.875,-87.625,296.2445,1987,73.57010000000007,GridPointRequestedAt[41.884N_87.632W],41.875,-87.625,98.746895,74.41915703250007,False,False
1987-06-27T12:00:00Z,GridPointRequestedAt[41.884N_87.632W],41.875,-87.625,295.06888,1987,71.453984,GridPointRequestedAt[41.884N_87.632W],41.875,-87.625,97.70985,72.172864675,False,False
1987-06-28T12:00:00Z,GridPointRequestedAt[41.884N_87.632W],41.875,-87.625,296.46356,1987,73.96440799999999,GridPointRequestedAt[41.884N_87.632W],41.875,-87.625,95.48223,74.75646080499999,False,False
1987-06-29T12:00:00Z,GridPointRequestedAt[41.884N_87.632W],41.875,-87.625,294.1584,1987,69.81512,GridPointRequestedAt[41.884N_87.632W],41.875,-87.625,76.21797,69.94699829499999,False,False
1987-06-30T12:00:00Z,GridPointRequestedAt[41.884N_87.632W],41.875,-87.625,293.13324,1987,67.96983200000004,GridPointRequestedAt[41.884N_87.632W],41.875,-87.625,70.02066,67.86380911000005,False,False
1987-07-01T12:00:00Z,GridPointRequestedAt[41.884N_87.632W],41.875,-87.625,293.38574,1987,68.42433200000004,GridPointRequestedAt[41.884N_87.632W],41.875,-87.625,73.08441,68.41303223500003,False,False
1987-07-02T12:00:00Z,GridPointRequestedAt[41.884N_87.632W],41.875,-87.625,292.80505,1987,67.37909000000003,GridPointRequestedAt[41.884N_87.632W],41.875,-87.625,69.99451,67.24291548500003,False,False
1987-07-03T12:00:00Z,GridPointRequestedAt[41.884N_87.632W],41.875,-87.625,291.84784,1987,65.65611200000008,GridPointRequestedAt[41.884N_87.632W],41.875,-87.625,72.37587,65.48975054500008,False,False
1987-07-04T12:00:00Z,GridPointRequestedAt[41.884N_87.632W],41.875,-87.625,292.9483,1987,67.63694000000007,GridPointRequestedAt[41.884N_87.632W],41.875,-87.625,85.33974,67.87427089000008,False,False
1987-07-05T12:00:00Z,GridPointRequestedAt[41.884N_87.632W],41.875,-87.625,298.0291,1987,76.78238000000009,GridPointRequestedAt[41.884N_87.632W],41.875,-87.625,94.865654,77.7008418690001,True,False
1987-07-06T12:00:00Z,GridPointRequestedAt[41.884N_87.632W],41.875,-87.625,297.46695,1987,75.77051000000003,GridPointRequestedAt[41.884N_87.632W],41.875,-87.625,94.96185,76.64063897500003,True,False
1987-07-07T12:00:00Z,GridPointRequestedAt[41.884N_87.632W],41.875,-87.625,294.43686,1987,70.31634800000009,GridPointRequestedAt[41.884N_87.632W],41.875,-87.625,86.31023,70.7104558050001,False,False
1987-07-08T12:00:00Z,GridPointRequestedAt[41.884N_87.632W],41.875,-87.625,293.22372,1987,68.13269600000007,GridPointRequestedAt[41.884N_87.632W],41.875,-87.625,81.36966,68.30151781000006,False,False
1987-07-09T12:00:00Z,GridPointRequestedAt[41.884N_87.632W],41.875,-87.625,292.80856,1987,67.38540800000004,GridPointRequestedAt[41.884N_87.632W],41.875,-87.625,68.97352,67.22555612000005,False,False
1987-07-10T12:00:00Z,GridPointRequestedAt[41.884N_87.632W],41.875,-87.625,293.39465,1987,68.44037000000006,GridPointRequestedAt[41.884N_87.632W],41.875,-87.625,81.84629,68.63577631500006,False,False
1987-07-11T12:00:00Z,GridPointRequestedAt[41.884N_87.632W],41.875,-87.625,292.4262,1987,66.69716000000003,GridPointRequestedAt[41.884N_87.632W],41.875,-87.625,92.80091,67.06283938500002,False,False
1987-07-12T12:00:00Z,GridPointRequestedAt[41.884N_87.632W],41.875,-87.625,291.6148,1987,65.23664000000005,GridPointRequestedAt[41.884N_87.632W],41.875,-87.625,91.62251,65.50160098500005,False,False
1987-07-13T12:00:00Z,GridPointRequestedAt[41.884N_87.632W],41.875,-87.625,292.11508,1987,66.137144,GridPointRequestedAt[41.884N_87.632W],41.875,-87.625,78.451126,66.13760266100002,False,False
1987-07-14T12:00:00Z,GridPointRequestedAt[41.884N_87.632W],41.875,-87.625,291.28024,1987,64.63443200000003,GridPointRequestedAt[41.884N_87.632W],41.875,-87.625,69.96121,64.36024203500003,False,False
1987-07-15T12:00:00Z,GridPointRequestedAt[41.884N_87.632W],41.875,-87.625,292.8862,1987,67.52516,GridPointRequestedAt[41.884N_87.632W],41.875,-87.625,74.96118,67.51300573,False,False
1987-07-16T12:00:00Z,GridPointRequestedAt[41.884N_87.632W],41.875,-87.625,293.72864,1987,69.04155200000001,GridPointRequestedAt[41.884N_87.632W],41.875,-87.625,84.41694,69.32742769000001,False,False
1987-07-17T12:00:00Z,GridPointRequestedAt[41.884N_87.632W],41.875,-87.625,296.4388,1987,73.91984000000006,GridPointRequestedAt[41.884N_87.632W],41.875,-87.625,92.3334,74.63566690000007,False,False
1987-07-18T12:00:00Z,GridPointRequestedAt[41.884N_87.632W],41.875,-87.625,295.2834,1987,71.84011999999998,GridPointRequestedAt[41.884N_87.632W],41.875,-87.625,90.73614,72.41442528999998,False,False
1987-07-19T12:00:00Z,GridPointRequestedAt[41.884N_87.632W],41.875,-87.625,294.0255,1987,69.57590000000008,GridPointRequestedAt[41.884N_87.632W],41.875,-87.625,81.10476,69.81065686000008,False,False
1987-07-20T12:00:00Z,GridPointRequestedAt[41.884N_87.632W],41.875,-87.625,294.8959,1987,71.14262000000001,GridPointRequestedAt[41.884N_87.632W],41.875,-87.625,84.70155,71.54023742500002,False,False
1987-07-21T12:00:00Z,GridPointRequestedAt[41.884N_87.632W],41.875,-87.625,291.96082,1987,65.85947600000006,GridPointRequestedAt[41.884N_87.632W],41.875,-87.625,71.465836,65.68189694600005,False,False
1987-07-22T12:00:00Z,GridPointRequestedAt[41.884N_87.632W],41.875,-87.625,291.94995,1987,65.83991000000005,GridPointRequestedAt[41.884N_87.632W],41.875,-87.625,75.09306,65.74659241000005,False,False
1987-07-23T12:00:00Z,GridPointRequestedAt[41.884N_87.632W],41.875,-87.625,292.55566,1987,66.93018800000002,GridPointRequestedAt[41.884N_87.632W],41.875,-87.625,80.270996,67.01306580600001,False,False
1987-07-24T12:00:00Z,GridPointRequestedAt[41.884N_87.632W],41.875,-87.625,293.4162,1987,68.47916000000005,GridPointRequestedAt[41.884N_87.632W],41.875,-87.625,84.17542,68.73124037000005,False,False
1987-07-25T12:00:00Z,GridPointRequestedAt[41.884N_87.632W],41.875,-87.625,295.06665,1987,71.44997000000001,GridPointRequestedAt[41.884N_87.632W],41.875,-87.625,87.7425,71.93441725000001,False,False
1987-07-26T12:00:00Z,GridPointRequestedAt[41.884N_87.632W],41.875,-87.625,296.36713,1987,73.79083399999999,GridPointRequestedAt[41.884N_87.632W],41.875,-87.625,97.05988,74.61128287999999,False,False
1987-07-27T12:00:00Z,GridPointRequestedAt[41.884N_87.632W],41.875,-87.625,294.5202,1987,70.46636000000002,GridPointRequestedAt[41.884N_87.632W],41.875,-87.625,74.13911,70.58194708500002,False,False
1987-07-28T12:00:00Z,GridPointRequestedAt[41.884N_87.632W],41.875,-87.625,292.36987,1987,66.59576600000003,GridPointRequestedAt[41.884N_87.632W],41.875,-87.625,66.47713,66.33776685500003,False,False
1987-07-29T12:00:00Z,GridPointRequestedAt[41.884N_87.632W],41.875,-87.625,293.2881,1987,68.24858000000002,GridPointRequestedAt[41.884N_87.632W],41.875,-87.625,72.35724,68.21140414000001,False,False
1987-07-30T12:00:00Z,GridPointRequestedAt[41.884N_87.632W],41.875,-87.625,293.62354,1987,68.85237200000003,GridPointRequestedAt[41.884N_87.632W],41.875,-87.625,82.80373,69.09087825500004,False,False
1987-08-01T12:00:00Z,GridPointRequestedAt[41.884N_87.632W],41.875,-87.625,295.2241,1987,71.73338000000008,GridPointRequestedAt[41.884N_87.632W],41.875,-87.625,87.79076,72.23313186000009,False,False
1987-08-02T12:00:00Z,GridPointRequestedAt[41.884N_87.632W],41.875,-87.625,297.02002,1987,74.96603600000002,GridPointRequestedAt[41.884N_87.632W],41.875,-87.625,95.68255,75.81287772500002,False,False
1987-08-03T12:00:00Z,GridPointRequestedAt[41.884N_87.632W],41.875,-87.625,297.67966,1987,76.15338800000006,GridPointRequestedAt[41.884N_87.632W],41.875,-87.625,94.98947,77.04330994500006,True,True
1987-08-04T12:00:00Z,GridPointRequestedAt[41.884N_87.632W],41.875,-87.625,296.76782,1987,74.512076,GridPointRequestedAt[41.884N_87.632W],41.875,-87.625,94.330635,75.30444972249998,False,True
1987-08-05T12:00:00Z,GridPointRequestedAt[41.884N_87.632W],41.875,-87.625,297.41003,1987,75.66805400000005,GridPointRequestedAt[41.884N_87.632W],41.875,-87.625,88.409096,76.37907045600005,True,True
1987-08-06T12:00:00Z,GridPointRequestedAt[41.884N_87.632W],41.875,-87.625,297.9931,1987,76.71758000000008,GridPointRequestedAt[41.884N_87.632W],41.875,-87.625,84.4875,77.38891525000008,True,True
1987-08-07T12:00:00Z,GridPointRequestedAt[41.884N_87.632W],41.875,-87.625,298.21396,1987,77.11512800000001,GridPointRequestedAt[41.884N_87.632W],41.875,-87.625,83.91911,77.79298348500002,True,True
1987-08-08T12:00:00Z,GridPointRequestedAt[41.884N_87.632W],41.875,-87.625,295.12988,1987,71.56378400000007,GridPointRequestedAt[41.884N_87.632W],41.875,-87.625,75.759865,71.77233002750006,False,True
1987-08-09T12:00:00Z,GridPointRequestedAt[41.884N_87.632W],41.875,-87.625,292.9705,1987,67.67690000000007,GridPointRequestedAt[41.884N_87.632W],41.875,-87.625,61.151207,67.34779836450008,False,False
1987-08-10T12:00:00Z,GridPointRequestedAt[41.884N_87.632W],41.875,-87.625,293.03708,1987,67.79674400000005,GridPointRequestedAt[41.884N_87.632W],41.875,-87.625,67.761345,67.62897280750005,False,False
1987-08-11T12:00:00Z,GridPointRequestedAt[41.884N_87.632W],41.875,-87.625,294.22083,1987,69.927494,GridPointRequestedAt[41.884N_87.632W],41.875,-87.625,82.925934,70.222628149,False,False
1987-08-12T12:00:00Z,GridPointRequestedAt[41.884N_87.632W],41.875,-87.625,296.8567,1987,74.67206000000002,GridPointRequestedAt[41.884N_87.632W],41.875,-87.625,93.387566,75.45027080100002,False,False
1987-08-13T12:00:00Z,GridPointRequestedAt[41.884N_87.632W],41.875,-87.625,294.59732,1987,70.60517600000009,GridPointRequestedAt[41.884N_87.632W],41.875,-87.625,83.33818,70.94388203000008,False,False
1987-08-14T12:00:00Z,GridPointRequestedAt[41.884N_87.632W],41.875,-87.625,294.30338,1987,70.07608400000005,GridPointRequestedAt[41.884N_87.632W],41.875,-87.625,76.65878,70.23136953000005,False,False
1987-08-15T12:00:00Z,GridPointRequestedAt[41.884N_87.632W],41.875,-87.625,293.62506,1987,68.85510800000007,GridPointRequestedAt[41.884N_87.632W],41.875,-87.625,73.05849,68.86473791500008,False,False
1987-08-16T12:00:00Z,GridPointRequestedAt[41.884N_87.632W],41.875,-87.625,293.74847,1987,69.07724600000003,GridPointRequestedAt[41.884N_87.632W],41.875,-87.625,73.77614,69.11484759000004,False,False
1987-08-17T12:00:00Z,GridPointRequestedAt[41.884N_87.632W],41.875,-87.625,294.57626,1987,70.56726800000003,GridPointRequestedAt[41.884N_87.632W],41.875,-87.625,73.54286,70.67388861000003,False,False
1987-08-18T12:00:00Z,GridPointRequestedAt[41.884N_87.632W],41.875,-87.625,296.3043,1987,73.67774000000006,GridPointRequestedAt[41.884N_87.632W],41.875,-87.625,67.01091,73.78638338500005,False,False
1987-08-19T12:00:00Z,GridPointRequestedAt[41.884N_87.632W],41.875,-87.625,295.4831,1987,72.19958,GridPointRequestedAt[41.884N_87.632W],41.875,-87.625,72.301186,72.35863687099999,False,False
1987-08-20T12:00:00Z,GridPointRequestedAt[41.884N_87.632W],41.875,-87.625,296.06238,1987,73.24228400000007,GridPointRequestedAt[41.884N_87.632W],41.875,-87.625,80.971016,73.65721707600008,False,False
1987-08-21T12:00:00Z,GridPointRequestedAt[41.884N_87.632W],41.875,-87.625,297.49933,1987,75.82879400000002,GridPointRequestedAt[41.884N_87.632W],41.875,-87.625,76.15365,76.25984447500002,False,False
1987-08-22T12:00:00Z,GridPointRequestedAt[41.884N_87.632W],41.875,-87.625,297.53265,1987,75.88877000000002,GridPointRequestedAt[41.884N_87.632W],41.875,-87.625,77.98719,76.36590746500002,False,False
1987-08-23T12:00:00Z,GridPointRequestedAt[41.884N_87.632W],41.875,-87.625,298.59454,1987,77.80017200000003,GridPointRequestedAt[41.884N_87.632W],41.875,-87.625,84.93462,78.53614417000003,True,False
1987-08-24T12:00:00Z,GridPointRequestedAt[41.884N_87.632W],41.875,-87.625,297.81122,1987,76.39019600000003,GridPointRequestedAt[41.884N_87.632W],41.875,-87.625,95.196236,77.29681734600004,True,False
1987-08-25T12:00:00Z,GridPointRequestedAt[41.884N_87.632W],41.875,-87.625,295.83942,1987,72.84095600000008,GridPointRequestedAt[41.884N_87.632W],41.875,-87.625,71.499504,73.01324214400009,False,False
1987-08-26T12:00:00Z,GridPointRequestedAt[41.884N_87.632W],41.875,-87.625,293.3215,1987,68.30870000000007,GridPointRequestedAt[41.884N_87.632W],41.875,-87.625,73.53735,68.30226272500008,False,False
1987-08-27T12:00:00Z,GridPointRequestedAt[41.884N_87.632W],41.875,-87.625,293.07825,1987,67.87085000000009,GridPointRequestedAt[41.884N_87.632W],41.875,-87.625,66.02298,67.66593253000009,False,False
1987-08-28T12:00:00Z,GridPointRequestedAt[41.884N_87.632W],41.875,-87.625,292.23334,1987,66.35001200000004,GridPointRequestedAt[41.884N_87.632W],41.875,-87.625,67.3029,66.09913075000003,False,False
1987-08-29T12:00:00Z,GridPointRequestedAt[41.884N_87.632W],41.875,-87.625,292.3582,1987,66.57476000000005,GridPointRequestedAt[41.884N_87.632W],41.875,-87.625,65.07429,66.28274381500006,False,False
1987-08-30T12:00:00Z,GridPointRequestedAt[41.884N_87.632W],41.875,-87.625,292.776,1987,67.32680000000006,GridPointRequestedAt[41.884N_87.632W],41.875,-87.625,60.507355,66.96506284250006,False,False
1987-09-01T12:00:00Z,GridPointRequestedAt[41.884N_87.632W],41.875,-87.625,293.52435,1987,68.6738300000001,GridPointRequestedAt[41.884N_87.632W],41.875,-87.625,60.389282,68.3766696270001,False,False
1987-09-02T12:00:00Z,GridPointRequestedAt[41.884N_87.632W],41.875,-87.625,295.05414,1987,71.42745200000007,GridPointRequestedAt[41.884N_87.632W],41.875,-87.625,59.78948,71.25387738000008,False,False
1987-09-03T12:00:00Z,GridPointRequestedAt[41.884N_87.632W],41.875,-87.625,296.45203,1987,73.94365400000001,GridPointRequestedAt[41.884N_87.632W],41.875,-87.625,54.54066,73.77254221000001,False,False
1987-09-04T12:00:00Z,GridPointRequestedAt[41.884N_87.632W],41.875,-87.625,293.8367,1987,69.23606000000005,GridPointRequestedAt[41.884N_87.632W],41.875,-87.625,87.93978,69.61444783000005,False,False
1987-09-05T12:00:00Z,GridPointRequestedAt[41.884N_87.632W],41.875,-87.625,293.63403,1987,68.87125400000004,GridPointRequestedAt[41.884N_87.632W],41.875,-87.625,69.41468,68.79606168000004,False,False
1987-09-06T12:00:00Z,GridPointRequestedAt[41.884N_87.632W],41.875,-87.625,295.15527,1987,71.60948599999999,GridPointRequestedAt[41.884N_87.632W],41.875,-87.625,63.516953,71.53260869549999,False,False
1987-09-07T12:00:00Z,GridPointRequestedAt[41.884N_87.632W],41.875,-87.625,295.2602,1987,71.79836000000003,GridPointRequestedAt[41.884N_87.632W],41.875,-87.625,66.66739,71.80496166500004,False,False
1987-09-08T12:00:00Z,GridPointRequestedAt[41.884N_87.632W],41.875,-87.625,295.7539,1987,72.68702000000002,GridPointRequestedAt[41.884N_87.632W],41.875,-87.625,68.65423,72.78474540500002,False,False
1987-09-09T12:00:00Z,GridPointRequestedAt[41.884N_87.632W],41.875,-87.625,293.06006,1987,67.83810800000008,GridPointRequestedAt[41.884N_87.632W],41.875,-87.625,71.142136,67.75185359600007,False,False
1987-09-10T12:00:00Z,GridPointRequestedAt[41.884N_87.632W],41.875,-87.625,293.6647,1987,68.92646,GridPointRequestedAt[41.884N_87.632W],41.875,-87.625,64.41494,68.73653409,False,False
1987-09-11T12:00:00Z,GridPointRequestedAt[41.884N_87.632W],41.875,-87.625,293.8573,1987,69.27314000000005,GridPointRequestedAt[41.884N_87.632W],41.875,-87.625,76.75286,69.39048921000006,False,False
1987-09-12T12:00:00Z,GridPointRequestedAt[41.884N_87.632W],41.875,-87.625,291.71246,1987,65.41242800000008,GridPointRequestedAt[41.884N_87.632W],41.875,-87.625,72.681564,65.24106615400008,False,False
1987-09-13T12:00:00Z,GridPointRequestedAt[41.884N_87.632W],41.875,-87.625,291.9051,1987,65.75918000000004,GridPointRequestedAt[41.884N_87.632W],41.875,-87.625,60.041058,65.30810386300004,False,False
1987-09-14T12:00:00Z,GridPointRequestedAt[41.884N_87.632W],41.875,-87.625,290.79083,1987,63.75349400000009,GridPointRequestedAt[41.884N_87.632W],41.875,-87.625,66.93354,63.36410689000009,False,False
1987-09-15T12:00:00Z,GridPointRequestedAt[41.884N_87.632W],41.875,-87.625,291.4731,1987,64.98158000000002,GridPointRequestedAt[41.884N_87.632W],41.875,-87.625,70.90368,64.74689548000002,False,False
1987-09-16T12:00:00Z,GridPointRequestedAt[41.884N_87.632W],41.875,-87.625,295.28424,1987,71.84163200000006,GridPointRequestedAt[41.884N_87.632W],41.875,-87.625,83.86976,72.25465296000007,False,False
1987-09-17T12:00:00Z,GridPointRequestedAt[41.884N_87.632W],41.875,-87.625,293.6899,1987,68.97182000000008,GridPointRequestedAt[41.884N_87.632W],41.875,-87.625,92.727745,69.44951300750009,False,False
1987-09-18T12:00:00Z,GridPointRequestedAt[41.884N_87.632W],41.875,-87.625,294.0298,1987,69.58364000000009,GridPointRequestedAt[41.884N_87.632W],41.875,-87.625,93.93923,70.1203939050001,False,False
1987-09-19T12:00:00Z,GridPointRequestedAt[41.884N_87.632W],41.875,-87.625,295.8089,1987,72.78602000000004,GridPointRequestedAt[41.884N_87.632W],41.875,-87.625,86.80888,73.31532968000005,False,False
1987-09-20T12:00:00Z,GridPointRequestedAt[41.884N_87.632W],41.875,-87.625,292.05347,1987,66.02624600000004,GridPointRequestedAt[41.884N_87.632W],41.875,-87.625,57.770386,65.53516237100004,False,False
1987-09-21T12:00:00Z,GridPointRequestedAt[41.884N_87.632W],41.875,-87.625,290.61475,1987,63.43655000000007,GridPointRequestedAt[41.884N_87.632W],41.875,-87.625,65.75496,63.00361906000008,False,False
1987-09-22T12:00:00Z,GridPointRequestedAt[41.884N_87.632W],41.875,-87.625,288.11993,1987,58.94587400000006,GridPointRequestedAt[41.884N_87.632W],41.875,-87.625,59.600597,58.14378172950006,False,False
1987-09-23T12:00:00Z,GridPointRequestedAt[41.884N_87.632W],41.875,-87.625,287.88934,1987,58.53081200000005,GridPointRequestedAt[41.884N_87.632W],41.875,-87.625,51.184956,57.510199066000055,False,False
1987-09-24T12:00:00Z,GridPointRequestedAt[41.884N_87.632W],41.875,-87.625,288.08966,1987,58.891388000000006,GridPointRequestedAt[41.884N_87.632W],41.875,-87.625,51.95858,57.906984030000004,False,False
1987-09-25T12:00:00Z,GridPointRequestedAt[41.884N_87.632W],41.875,-87.625,289.67352,1987,61.74233600000004,GridPointRequestedAt[41.884N_87.632W],41.875,-87.625,60.401268,61.09888259800004,False,False
1987-09-26T12:00:00Z,GridPointRequestedAt[41.884N_87.632W],41.875,-87.625,286.34656,1987,55.75380800000006,GridPointRequestedAt[41.884N_87.632W],41.875,-87.625,56.093494,54.70969550900007,False,False
1987-09-27T12:00:00Z,GridPointRequestedAt[41.884N_87.632W],41.875,-87.625,286.16016,1987,55.41828800000008,GridPointRequestedAt[41.884N_87.632W],41.875,-87.625,59.799934,54.444500849000086,False,False
1987-09-28T12:00:00Z,GridPointRequestedAt[41.884N_87.632W],41.875,-87.625,286.86646,1987,56.68962800000007,GridPointRequestedAt[41.884N_87.632W],41.875,-87.625,56.7795,55.708427650000075,False,False
1987-09-29T12:00:00Z,GridPointRequestedAt[41.884N_87.632W],41.875,-87.625,290.82043,1987,63.80677400000002,GridPointRequestedAt[41.884N_87.632W],41.875,-87.625,45.902603,62.92582387050002,False,False
1987-09-30T12:00:00Z,GridPointRequestedAt[41.884N_87.632W],41.875,-87.625,289.30157,1987,61.07282600000009,GridPointRequestedAt[41.884N_87.632W],41.875,-87.625,72.32022,60.6759924700001,False,False
1987-10-01T12:00:00Z,GridPointRequestedAt[41.884N_87.632W],41.875,-87.625,291.7218,1987,65.42924,GridPointRequestedAt[41.884N_87.632W],41.875,-87.625,60.12723,64.96369190499999,False,False
1987-10-02T12:00:00Z,GridPointRequestedAt[41.884N_87.632W],41.875,-87.625,291.10406,1987,64.31730800000005,GridPointRequestedAt[41.884N_87.632W],41.875,-87.625,57.200836,63.72739304600006,False,False
1987-10-03T12:00:00Z,GridPointRequestedAt[41.884N_87.632W],41.875,-87.625,290.47412,1987,63.18341600000009,GridPointRequestedAt[41.884N_87.632W],41.875,-87.625,67.703636,62.78362224600009,False,False
1987-10-04T12:00:00Z,GridPointRequestedAt[41.884N_87.632W],41.875,-87.625,292.0068,1987,65.94224000000004,GridPointRequestedAt[41.884N_87.632W],41.875,-87.625,55.232395,65.38731328250005,False,False
1987-10-05T12:00:00Z,GridPointRequestedAt[41.884N_87.632W],41.875,-87.625,294.1626,1987,69.82268000000003,GridPointRequestedAt[41.884N_87.632W],41.875,-87.625,49.96775,69.33805612500004,False,False
1987-10-06T12:00:00Z,GridPointRequestedAt[41.884N_87.632W],41.875,-87.625,289.9054,1987,62.159720000000014,GridPointRequestedAt[41.884N_87.632W],41.875,-87.625,65.12843,61.64822410500001,False,False
1987-10-07T12:00:00Z,GridPointRequestedAt[41.884N_87.632W],41.875,-87.625,288.9718,1987,60.47923999999999,GridPointRequestedAt[41.884N_87.632W],41.875,-87.625,60.278774,59.769753188999985,False,False
1987-10-08T12:00:00Z,GridPointRequestedAt[41.884N_87.632W],41.875,-87.625,294.67044,1987,70.73679200000001,GridPointRequestedAt[41.884N_87.632W],41.875,-87.625,68.0935,70.72382885000002,False,False
1987-10-09T12:00:00Z,GridPointRequestedAt[41.884N_87.632W],41.875,-87.625,294.28473,1987,70.04251400000008,GridPointRequestedAt[41.884N_87.632W],41.875,-87.625,84.88659,70.38947456500009,False,False
1987-10-10T12:00:00Z,GridPointRequestedAt[41.884N_87.632W],41.875,-87.625,294.44604,1987,70.33287200000001,GridPointRequestedAt[41.884N_87.632W],41.875,-87.625,87.98805,70.76723477500002,False,False
1987-10-11T12:00:00Z,GridPointRequestedAt[41.884N_87.632W],41.875,-87.625,294.0752,1987,69.66536000000004,GridPointRequestedAt[41.884N_87.632W],41.875,-87.625,89.13582,70.09331977000002,False,False
1987-10-12T12:00:00Z,GridPointRequestedAt[41.884N_87.632W],41.875,-87.625,293.7066,1987,69.00188,GridPointRequestedAt[41.884N_87.632W],41.875,-87.625,79.70039,69.174933165,False,False
1987-10-13T12:00:00Z,GridPointRequestedAt[41.884N_87.632W],41.875,-87.625,294.2358,1987,69.95444,GridPointRequestedAt[41.884N_87.632W],41.875,-87.625,72.37757,70.00303489500001,False,False
1987-10-14T12:00:00Z,GridPointRequestedAt[41.884N_87.632W],41.875,-87.625,295.10168,1987,71.51302400000002,GridPointRequestedAt[41.884N_87.632W],41.875,-87.625,58.90582,71.32296197000002,False,False
1987-10-15T12:00:00Z,GridPointRequestedAt[41.884N_87.632W],41.875,-87.625,292.72696,1987,67.23852800000007,GridPointRequestedAt[41.884N_87.632W],41.875,-87.625,80.46447,67.34136944500008,False,False
1987-10-16T12:00:00Z,GridPointRequestedAt[41.884N_87.632W],41.875,-87.625,294.55576,1987,70.53036800000008,GridPointRequestedAt[41.884N_87.632W],41.875,-87.625,90.06634,71.02344539000009,False,False
1987-10-17T12:00:00Z,GridPointRequestedAt[41.884N_87.632W],41.875,-87.625,289.4472,1987,61.33496000000006,GridPointRequestedAt[41.884N_87.632W],41.875,-87.625,73.196915,60.971835502500056,False,False
1987-10-18T12:00:00Z,GridPointRequestedAt[41.884N_87.632W],41.875,-87.625,287.85278,1987,58.46500400000004,GridPointRequestedAt[41.884N_87.632W],41.875,-87.625,55.559235,57.543896222500045,False,False
1987-10-19T12:00:00Z,GridPointRequestedAt[41.884N_87.632W],41.875,-87.625,286.1642,1987,55.42556000000003,GridPointRequestedAt[41.884N_87.632W],41.875,-87.625,51.07981,54.247213535000036,False,False
1987-10-20T12:00:00Z,GridPointRequestedAt[41.884N_87.632W],41.875,-87.625,285.91864,1987,54.98355200000001,GridPointRequestedAt[41.884N_87.632W],41.875,-87.625,61.247353,54.02204239550001,False,False
1987-10-21T12:00:00Z,GridPointRequestedAt[41.884N_87.632W],41.875,-87.625,286.78998,1987,56.55196400000007,GridPointRequestedAt[41.884N_87.632W],41.875,-87.625,78.14529,56.065976515000074,False,False
1987-10-22T12:00:00Z,GridPointRequestedAt[41.884N_87.632W],41.875,-87.625,283.1768,1987,50.048240000000064,GridPointRequestedAt[41.884N_87.632W],41.875,-87.625,72.23555,49.09818742500007,False,False
1987-10-23T12:00:00Z,GridPointRequestedAt[41.884N_87.632W],41.875,-87.625,279.41116,1987,43.27008800000003,GridPointRequestedAt[41.884N_87.632W],41.875,-87.625,59.493847,41.68169780450003,False,False
1987-10-24T12:00:00Z,GridPointRequestedAt[41.884N_87.632W],41.875,-87.625,281.06384,1987,46.24491200000009,GridPointRequestedAt[41.884N_87.632W],41.875,-87.625,78.132576,45.2432731360001,False,False
1987-10-25T12:00:00Z,GridPointRequestedAt[41.884N_87.632W],41.875,-87.625,282.90796,1987,49.564328000000046,GridPointRequestedAt[41.884N_87.632W],41.875,-87.625,81.2926,48.80292050000005,False,False
1987-10-26T12:00:00Z,GridPointRequestedAt[41.884N_87.632W],41.875,-87.625,279.00812,1987,42.54461600000008,GridPointRequestedAt[41.884N_87.632W],41.875,-87.625,67.64638,41.11153673000008,False,False
1987-10-27T12:00:00Z,GridPointRequestedAt[41.884N_87.632W],41.875,-87.625,281.25122,1987,46.582196000000025,GridPointRequestedAt[41.884N_87.632W],41.875,-87.625,61.202896,45.19957385600003,False,False
1987-10-28T12:00:00Z,GridPointRequestedAt[41.884N_87.632W],41.875,-87.625,284.11743,1987,51.741374000000064,GridPointRequestedAt[41.884N_87.632W],41.875,-87.625,71.52025,50.85916857500007,False,False
1987-10-29T12:00:00Z,GridPointRequestedAt[41.884N_87.632W],41.875,-87.625,287.0439,1987,57.009020000000056,GridPointRequestedAt[41.884N_87.632W],41.875,-87.625,79.663956,56.58157396600006,False,False
1987-10-30T12:00:00Z,GridPointRequestedAt[41.884N_87.632W],41.875,-87.625,291.21857,1987,64.52342600000004,GridPointRequestedAt[41.884N_87.632W],41.875,-87.625,83.019936,64.55056579600004,False,False
1987-11-01T12:00:00Z,GridPointRequestedAt[41.884N_87.632W],41.875,-87.625,283.10696,1987,49.92252800000007,GridPointRequestedAt[41.884N_87.632W],41.875,-87.625,87.73228,49.330362980000075,False,False
1987-11-02T12:00:00Z,GridPointRequestedAt[41.884N_87.632W],41.875,-87.625,277.67004,1987,40.13607199999999,GridPointRequestedAt[41.884N_87.632W],41.875,-87.625,85.7645,39.00834134999999,False,False
1987-11-03T12:00:00Z,GridPointRequestedAt[41.884N_87.632W],41.875,-87.625,274.13635,1987,33.77543000000003,GridPointRequestedAt[41.884N_87.632W],41.875,-87.625,58.750435,31.69483672250003,False,False
1987-11-04T12:00:00Z,GridPointRequestedAt[41.884N_87.632W],41.875,-87.625,277.72766,1987,40.23978800000007,GridPointRequestedAt[41.884N_87.632W],41.875,-87.625,62.4356,38.56901400000007,False,False
1987-11-05T12:00:00Z,GridPointRequestedAt[41.884N_87.632W],41.875,-87.625,274.89343,1987,35.138174000000085,GridPointRequestedAt[41.884N_87.632W],41.875,-87.625,68.27557,33.34955859500009,False,False
1987-11-06T12:00:00Z,GridPointRequestedAt[41.884N_87.632W],41.875,-87.625,270.4325,1987,27.10850000000005,GridPointRequestedAt[41.884N_87.632W],41.875,-87.625,49.196613,24.470045405500052,False,False
1987-11-07T12:00:00Z,GridPointRequestedAt[41.884N_87.632W],41.875,-87.625,270.20856,1987,26.705408,GridPointRequestedAt[41.884N_87.632W],41.875,-87.625,51.8493,24.10913695,False,False
1987-11-08T12:00:00Z,GridPointRequestedAt[41.884N_87.632W],41.875,-87.625,271.91635,1987,29.779430000000083,GridPointRequestedAt[41.884N_87.632W],41.875,-87.625,60.048134,27.529532649000085,False,False
1987-11-09T12:00:00Z,GridPointRequestedAt[41.884N_87.632W],41.875,-87.625,271.62692,1987,29.258456000000013,GridPointRequestedAt[41.884N_87.632W],41.875,-87.625,84.84813,27.56530985500001,False,False
1987-11-10T12:00:00Z,GridPointRequestedAt[41.884N_87.632W],41.875,-87.625,276.46344,1987,37.964192000000025,GridPointRequestedAt[41.884N_87.632W],41.875,-87.625,82.78964,36.65795814000003,False,False
1987-11-11T12:00:00Z,GridPointRequestedAt[41.884N_87.632W],41.875,-87.625,280.6186,1987,45.44348000000007,GridPointRequestedAt[41.884N_87.632W],41.875,-87.625,90.07794,44.68248559000008,False,False
1987-11-12T12:00:00Z,GridPointRequestedAt[41.884N_87.632W],41.875,-87.625,281.7173,1987,47.42114000000008,GridPointRequestedAt[41.884N_87.632W],41.875,-87.625,96.11947,46.901004545000085,False,False
1987-11-13T12:00:00Z,GridPointRequestedAt[41.884N_87.632W],41.875,-87.625,283.8032,1987,51.17576000000005,GridPointRequestedAt[41.884N_87.632W],41.875,-87.625,96.23605,50.84609517500005,False,False
1987-11-14T12:00:00Z,GridPointRequestedAt[41.884N_87.632W],41.875,-87.625,283.8167,1987,51.200060000000086,GridPointRequestedAt[41.884N_87.632W],41.875,-87.625,80.005974,50.490203389000094,False,False
1987-11-15T12:00:00Z,GridPointRequestedAt[41.884N_87.632W],41.875,-87.625,276.91248,1987,38.77246400000007,GridPointRequestedAt[41.884N_87.632W],41.875,-87.625,73.02269,37.27712041500007,False,False
1987-11-16T12:00:00Z,GridPointRequestedAt[41.884N_87.632W],41.875,-87.625,276.86212,1987,38.68181600000005,GridPointRequestedAt[41.884N_87.632W],41.875,-87.625,72.23589,37.163450215000054,False,False
1987-11-17T12:00:00Z,GridPointRequestedAt[41.884N_87.632W],41.875,-87.625,276.99796,1987,38.926328,GridPointRequestedAt[41.884N_87.632W],41.875,-87.625,78.32907,37.563377545,False,False
1987-11-18T12:00:00Z,GridPointRequestedAt[41.884N_87.632W],41.875,-87.625,277.1275,1987,39.15950000000004,GridPointRequestedAt[41.884N_87.632W],41.875,-87.625,73.08723,37.685024905000034,False,False
1987-11-19T12:00:00Z,GridPointRequestedAt[41.884N_87.632W],41.875,-87.625,276.02795,1987,37.18031,GridPointRequestedAt[41.884N_87.632W],41.875,-87.625,73.531654,35.617319369,False,False
1987-11-20T12:00:00Z,GridPointRequestedAt[41.884N_87.632W],41.875,-87.625,278.47134,1987,41.57841200000004,GridPointRequestedAt[41.884N_87.632W],41.875,-87.625,86.75446,40.54606241000005,False,False
1987-11-21T12:00:00Z,GridPointRequestedAt[41.884N_87.632W],41.875,-87.625,275.12463,1987,35.55433400000008,GridPointRequestedAt[41.884N_87.632W],41.875,-87.625,64.53151,33.69854118500009,False,False
1987-11-22T12:00:00Z,GridPointRequestedAt[41.884N_87.632W],41.875,-87.625,273.0083,1987,31.74494000000008,GridPointRequestedAt[41.884N_87.632W],41.875,-87.625,62.76018,29.657051230000086,False,False
1987-11-23T12:00:00Z,GridPointRequestedAt[41.884N_87.632W],41.875,-87.625,275.7586,1987,36.695480000000046,GridPointRequestedAt[41.884N_87.632W],41.875,-87.625,80.73972,35.27763742000005,False,False
1987-11-24T12:00:00Z,GridPointRequestedAt[41.884N_87.632W],41.875,-87.625,275.885,1987,36.92300000000002,GridPointRequestedAt[41.884N_87.632W],41.875,-87.625,76.40256,35.414610160000024,False,False
1987-11-25T12:00:00Z,GridPointRequestedAt[41.884N_87.632W],41.875,-87.625,273.59045,1987,32.79281,GridPointRequestedAt[41.884N_87.632W],41.875,-87.625,70.42802,30.937508970000003,False,False
1987-11-26T12:00:00Z,GridPointRequestedAt[41.884N_87.632W],41.875,-87.625,273.3875,1987,32.42750000000002,GridPointRequestedAt[41.884N_87.632W],41.875,-87.625,70.07852,30.545720220000025,False,False
1987-11-27T12:00:00Z,GridPointRequestedAt[41.884N_87.632W],41.875,-87.625,273.49167,1987,32.61500600000004,GridPointRequestedAt[41.884N_87.632W],41.875,-87.625,78.89122,30.94969997000004,False,False
1987-11-28T12:00:00Z,GridPointRequestedAt[41.884N_87.632W],41.875,-87.625,274.94724,1987,35.23503200000008,GridPointRequestedAt[41.884N_87.632W],41.875,-87.625,78.77987,33.698110545000084,False,False
1987-11-29T12:00:00Z,GridPointRequestedAt[41.884N_87.632W],41.875,-87.625,276.10327,1987,37.315886000000056,GridPointRequestedAt[41.884N_87.632W],41.875,-87.625,85.337395,36.03710908250006,False,False
1987-11-30T12:00:00Z,GridPointRequestedAt[41.884N_87.632W],41.875,-87.625,274.34274,1987,34.14693200000003,GridPointRequestedAt[41.884N_87.632W],41.875,-87.625,85.93471,32.72374428500003,False,False
1987-12-01T12:00:00Z,GridPointRequestedAt[41.884N_87.632W],41.875,-87.625,271.8506,1987,29.661080000000016,GridPointRequestedAt[41.884N_87.632W],41.875,-87.625,94.77548,28.221357780000012,False,False
1987-12-02T12:00:00Z,GridPointRequestedAt[41.884N_87.632W],41.875,-87.625,268.3429,1987,23.34722000000001,GridPointRequestedAt[41.884N_87.632W],41.875,-87.625,89.84082,21.47584027000001,False,False
1987-12-03T12:00:00Z,GridPointRequestedAt[41.884N_87.632W],41.875,-87.625,265.3798,1987,18.01364000000002,GridPointRequestedAt[41.884N_87.632W],41.875,-87.625,89.73077,15.872995095000023,False,False
1987-12-04T12:00:00Z,GridPointRequestedAt[41.884N_87.632W],41.875,-87.625,267.50735,1987,21.843229999999995,GridPointRequestedAt[41.884N_87.632W],41.875,-87.625,86.51497,19.818493294999993,False,False
1987-12-05T12:00:00Z,GridPointRequestedAt[41.884N_87.632W],41.875,-87.625,267.83618,1987,22.435124000000062,GridPointRequestedAt[41.884N_87.632W],41.875,-87.625,88.864845,20.495204057500064,False,False
1987-12-06T12:00:00Z,GridPointRequestedAt[41.884N_87.632W],41.875,-87.625,275.69696,1987,36.58452800000002,GridPointRequestedAt[41.884N_87.632W],41.875,-87.625,94.15013,35.47628245500002,False,False
1987-12-07T12:00:00Z,GridPointRequestedAt[41.884N_87.632W],41.875,-87.625,275.1546,1987,35.60828000000007,GridPointRequestedAt[41.884N_87.632W],41.875,-87.625,93.395805,34.43349541750007,False,False
1987-12-08T12:00:00Z,GridPointRequestedAt[41.884N_87.632W],41.875,-87.625,269.46704,1987,25.370672000000035,GridPointRequestedAt[41.884N_87.632W],41.875,-87.625,81.888855,23.41359369250004,False,False
1987-12-09T12:00:00Z,GridPointRequestedAt[41.884N_87.632W],41.875,-87.625,269.2378,1987,24.95804000000003,GridPointRequestedAt[41.884N_87.632W],41.875,-87.625,82.7585,23.00076675000003,False,False
1987-12-10T12:00:00Z,GridPointRequestedAt[41.884N_87.632W],41.875,-87.625,270.36115,1987,26.980070000000055,GridPointRequestedAt[41.884N_87.632W],41.875,-87.625,77.94885,25.01087147500006,False,False
1987-12-11T12:00:00Z,GridPointRequestedAt[41.884N_87.632W],41.875,-87.625,273.17383,1987,32.04289400000006,GridPointRequestedAt[41.884N_87.632W],41.875,-87.625,82.53352,30.434576420000063,False,False
1987-12-12T12:00:00Z,GridPointRequestedAt[41.884N_87.632W],41.875,-87.625,269.6984,1987,25.787120000000023,GridPointRequestedAt[41.884N_87.632W],41.875,-87.625,81.99618,23.853386230000023,False,False
1987-12-13T12:00:00Z,GridPointRequestedAt[41.884N_87.632W],41.875,-87.625,269.86258,1987,26.082644000000005,GridPointRequestedAt[41.884N_87.632W],41.875,-87.625,76.90831,24.044121485000005,False,False
1987-12-14T12:00:00Z,GridPointRequestedAt[41.884N_87.632W],41.875,-87.625,267.6178,1987,22.04204000000002,GridPointRequestedAt[41.884N_87.632W],41.875,-87.625,81.426346,19.90766113100002,False,False
1987-12-15T12:00:00Z,GridPointRequestedAt[41.884N_87.632W],41.875,-87.625,262.78128,1987,13.336304000000004,GridPointRequestedAt[41.884N_87.632W],41.875,-87.625,61.96405,10.309274375000005,False,False
1987-12-16T12:00:00Z,GridPointRequestedAt[41.884N_87.632W],41.875,-87.625,268.2395,1987,23.16110000000008,GridPointRequestedAt[41.884N_87.632W],41.875,-87.625,58.197723,20.536801490500082,False,False
1987-12-17T12:00:00Z,GridPointRequestedAt[41.884N_87.632W],41.875,-87.625,271.59796,1987,29.20632800000004,GridPointRequestedAt[41.884N_87.632W],41.875,-87.625,80.92036,27.418272860000044,False,False
1987-12-18T12:00:00Z,GridPointRequestedAt[41.884N_87.632W],41.875,-87.625,268.30066,1987,23.27118800000003,GridPointRequestedAt[41.884N_87.632W],41.875,-87.625,70.20045,20.93445797500003,False,False
1987-12-19T12:00:00Z,GridPointRequestedAt[41.884N_87.632W],41.875,-87.625,266.32812,1987,19.720616000000064,GridPointRequestedAt[41.884N_87.632W],41.875,-87.625,60.026108,16.967260338000067,False,False
1987-12-20T12:00:00Z,GridPointRequestedAt[41.884N_87.632W],41.875,-87.625,271.7723,1987,29.52013999999999,GridPointRequestedAt[41.884N_87.632W],41.875,-87.625,84.332344,27.827957083999994,False,False
1987-12-21T12:00:00Z,GridPointRequestedAt[41.884N_87.632W],41.875,-87.625,277.2036,1987,39.29648000000003,GridPointRequestedAt[41.884N_87.632W],41.875,-87.625,89.14169,38.206133715000036,False,False
1987-12-22T12:00:00Z,GridPointRequestedAt[41.884N_87.632W],41.875,-87.625,273.67206,1987,32.93970800000002,GridPointRequestedAt[41.884N_87.632W],41.875,-87.625,84.775826,31.42892531100002,False,False
1987-12-23T12:00:00Z,GridPointRequestedAt[41.884N_87.632W],41.875,-87.625,269.09808,1987,24.706544000000008,GridPointRequestedAt[41.884N_87.632W],41.875,-87.625,78.4697,22.63590915000001,False,False
1987-12-24T12:00:00Z,GridPointRequestedAt[41.884N_87.632W],41.875,-87.625,267.64557,1987,22.09202600000008,GridPointRequestedAt[41.884N_87.632W],41.875,-87.625,76.46538,19.84356373000008,False,False
1987-12-25T12:00:00Z,GridPointRequestedAt[41.884N_87.632W],41.875,-87.625,269.14722,1987,24.794996000000047,GridPointRequestedAt[41.884N_87.632W],41.875,-87.625,71.815346,22.572406431000054,False,False
1987-12-26T12:00:00Z,GridPointRequestedAt[41.884N_87.632W],41.875,-87.625,269.07465,1987,24.66437000000008,GridPointRequestedAt[41.884N_87.632W],41.875,-87.625,71.66627,22.43174584500008,False,False
1987-12-27T12:00:00Z,GridPointRequestedAt[41.884N_87.632W],41.875,-87.625,269.39877,1987,25.247786000000065,GridPointRequestedAt[41.884N_87.632W],41.875,-87.625,72.00557,23.052306195000067,False,False
1987-12-28T12:00:00Z,GridPointRequestedAt[41.884N_87.632W],41.875,-87.625,267.76044,1987,22.29879200000007,GridPointRequestedAt[41.884N_87.632W],41.875,-87.625,77.32972,20.080980020000077,False,False
1987-12-29T12:00:00Z,GridPointRequestedAt[41.884N_87.632W],41.875,-87.625,272.56363,1987,30.944534000000026,GridPointRequestedAt[41.884N_87.632W],41.875,-87.625,84.9611,29.33834655000003,False,False
1987-12-30T12:00:00Z,GridPointRequestedAt[41.884N_87.632W],41.875,-87.625,276.52914,1987,38.08245200000001,GridPointRequestedAt[41.884N_87.632W],41.875,-87.625,88.37289,36.91333751500001,False,False
