time,station,latitude[unit="degrees_north"],longitude[unit="degrees_east"],tas[unit="K"]
2008-01-01T12:00:00Z,GridPointRequestedAt[42.360N_71.058W],42.375,-71.125,278.08685
2008-01-02T12:00:00Z,GridPointRequestedAt[42.360N_71.058W],42.375,-71.125,278.7802
2008-01-03T12:00:00Z,GridPointRequestedAt[42.360N_71.058W],42.375,-71.125,275.58112
2008-01-04T12:00:00Z,GridPointRequestedAt[42.360N_71.058W],42.375,-71.125,275.12546
2008-01-05T12:00:00Z,GridPointRequestedAt[42.360N_71.058W],42.375,-71.125,270.47852
2008-01-06T12:00:00Z,GridPointRequestedAt[42.360N_71.058W],42.375,-71.125,274.07547
2008-01-07T12:00:00Z,GridPointRequestedAt[42.360N_71.058W],42.375,-71.125,282.4515
2008-01-08T12:00:00Z,GridPointRequestedAt[42.360N_71.058W],42.375,-71.125,273.54474
2008-01-09T12:00:00Z,GridPointRequestedAt[42.360N_71.058W],42.375,-71.125,272.97913
2008-01-10T12:00:00Z,GridPointRequestedAt[42.360N_71.058W],42.375,-71.125,276.39313
2008-01-11T12:00:00Z,GridPointRequestedAt[42.360N_71.058W],42.375,-71.125,277.98868
2008-01-12T12:00:00Z,GridPointRequestedAt[42.360N_71.058W],42.375,-71.125,272.36
2008-01-13T12:00:00Z,GridPointRequestedAt[42.360N_71.058W],42.375,-71.125,262.40347
2008-01-14T12:00:00Z,GridPointRequestedAt[42.360N_71.058W],42.375,-71.125,267.61298
2008-01-15T12:00:00Z,GridPointRequestedAt[42.360N_71.058W],42.375,-71.125,270.88745
2008-01-16T12:00:00Z,GridPointRequestedAt[42.360N_71.058W],42.375,-71.125,276.1695
2008-01-17T12:00:00Z,GridPointRequestedAt[42.360N_71.058W],42.375,-71.125,272.35074
2008-01-18T12:00:00Z,GridPointRequestedAt[42.360N_71.058W],42.375,-71.125,264.96655
2008-01-19T12:00:00Z,GridPointRequestedAt[42.360N_71.058W],42.375,-71.125,269.01614
2008-01-20T12:00:00Z,GridPointRequestedAt[42.360N_71.058W],42.375,-71.125,273.63647
2008-01-21T12:00:00Z,GridPointRequestedAt[42.360N_71.058W],42.375,-71.125,268.96014
2008-01-22T12:00:00Z,GridPointRequestedAt[42.360N_71.058W],42.375,-71.125,270.64667
2008-01-23T12:00:00Z,GridPointRequestedAt[42.360N_71.058W],42.375,-71.125,270.11954
2008-01-24T12:00:00Z,GridPointRequestedAt[42.360N_71.058W],42.375,-71.125,268.0467
2008-01-25T12:00:00Z,GridPointRequestedAt[42.360N_71.058W],42.375,-71.125,269.6823
2008-01-26T12:00:00Z,GridPointRequestedAt[42.360N_71.058W],42.375,-71.125,274.12643
2008-01-27T12:00:00Z,GridPointRequestedAt[42.360N_71.058W],42.375,-71.125,269.95404
2008-01-28T12:00:00Z,GridPointRequestedAt[42.360N_71.058W],42.375,-71.125,269.68744
2008-01-29T12:00:00Z,GridPointRequestedAt[42.360N_71.058W],42.375,-71.125,266.9865
2008-01-30T12:00:00Z,GridPointRequestedAt[42.360N_71.058W],42.375,-71.125,262.14343
2008-02-01T12:00:00Z,GridPointRequestedAt[42.360N_71.058W],42.375,-71.125,267.35156
2008-02-02T12:00:00Z,GridPointRequestedAt[42.360N_71.058W],42.375,-71.125,262.39838
2008-02-03T12:00:00Z,GridPointRequestedAt[42.360N_71.058W],42.375,-71.125,267.50146
2008-02-04T12:00:00Z,GridPointRequestedAt[42.360N_71.058W],42.375,-71.125,276.86218
2008-02-05T12:00:00Z,GridPointRequestedAt[42.360N_71.058W],42.375,-71.125,277.4751
2008-02-06T12:00:00Z,GridPointRequestedAt[42.360N_71.058W],42.375,-71.125,276.0078
2008-02-07T12:00:00Z,GridPointRequestedAt[42.360N_71.058W],42.375,-71.125,277.024
2008-02-08T12:00:00Z,GridPointRequestedAt[42.360N_71.058W],42.375,-71.125,273.89404
2008-02-09T12:00:00Z,GridPointRequestedAt[42.360N_71.058W],42.375,-71.125,270.96497
2008-02-10T12:00:00Z,GridPointRequestedAt[42.360N_71.058W],42.375,-71.125,275.5376
2008-02-11T12:00:00Z,GridPointRequestedAt[42.360N_71.058W],42.375,-71.125,268.60657
2008-02-12T12:00:00Z,GridPointRequestedAt[42.360N_71.058W],42.375,-71.125,263.59982
2008-02-13T12:00:00Z,GridPointRequestedAt[42.360N_71.058W],42.375,-71.125,272.7126
2008-02-14T12:00:00Z,GridPointRequestedAt[42.360N_71.058W],42.375,-71.125,275.59058
2008-02-15T12:00:00Z,GridPointRequestedAt[42.360N_71.058W],42.375,-71.125,275.31635
2008-02-16T12:00:00Z,GridPointRequestedAt[42.360N_71.058W],42.375,-71.125,268.66418
2008-02-17T12:00:00Z,GridPointRequestedAt[42.360N_71.058W],42.375,-71.125,264.4616
2008-02-18T12:00:00Z,GridPointRequestedAt[42.360N_71.058W],42.375,-71.125,270.9439
2008-02-19T12:00:00Z,GridPointRequestedAt[42.360N_71.058W],42.375,-71.125,275.8694
2008-02-20T12:00:00Z,GridPointRequestedAt[42.360N_71.058W],42.375,-71.125,280.19305
2008-02-21T12:00:00Z,GridPointRequestedAt[42.360N_71.058W],42.375,-71.125,277.0438
2008-02-22T12:00:00Z,GridPointRequestedAt[42.360N_71.058W],42.375,-71.125,273.4767
2008-02-23T12:00:00Z,GridPointRequestedAt[42.360N_71.058W],42.375,-71.125,276.0639
2008-02-24T12:00:00Z,GridPointRequestedAt[42.360N_71.058W],42.375,-71.125,274.44177
2008-02-25T12:00:00Z,GridPointRequestedAt[42.360N_71.058W],42.375,-71.125,273.20068
2008-02-26T12:00:00Z,GridPointRequestedAt[42.360N_71.058W],42.375,-71.125,276.90073
2008-02-27T12:00:00Z,GridPointRequestedAt[42.360N_71.058W],42.375,-71.125,281.76996
2008-02-28T12:00:00Z,GridPointRequestedAt[42.360N_71.058W],42.375,-71.125,281.64636
2008-02-29T12:00:00Z,GridPointRequestedAt[42.360N_71.058W],42.375,-71.125,273.87717
2008-02-30T12:00:00Z,GridPointRequestedAt[42.360N_71.058W],42.375,-71.125,273.42792
2008-03-01T12:00:00Z,GridPointRequestedAt[42.360N_71.058W],42.375,-71.125,273.8724
2008-03-02T12:00:00Z,GridPointRequestedAt[42.360N_71.058W],42.375,-71.125,270.34784
2008-03-03T12:00:00Z,GridPointRequestedAt[42.360N_71.058W],42.375,-71.125,269.25452
2008-03-04T12:00:00Z,GridPointRequestedAt[42.360N_71.058W],42.375,-71.125,278.40356
2008-03-05T12:00:00Z,GridPointRequestedAt[42.360N_71.058W],42.375,-71.125,282.26324
2008-03-06T12:00:00Z,GridPointRequestedAt[42.360N_71.058W],42.375,-71.125,269.49628
2008-03-07T12:00:00Z,GridPointRequestedAt[42.360N_71.058W],42.375,-71.125,269.53284
2008-03-08T12:00:00Z,GridPointRequestedAt[42.360N_71.058W],42.375,-71.125,275.81943
2008-03-09T12:00:00Z,GridPointRequestedAt[42.360N_71.058W],42.375,-71.125,271.89542
2008-03-10T12:00:00Z,GridPointRequestedAt[42.360N_71.058W],42.375,-71.125,273.2967
2008-03-11T12:00:00Z,GridPointRequestedAt[42.360N_71.058W],42.375,-71.125,275.87274
2008-03-12T12:00:00Z,GridPointRequestedAt[42.360N_71.058W],42.375,-71.125,278.59424
2008-03-13T12:00:00Z,GridPointRequestedAt[42.360N_71.058W],42.375,-71.125,279.97928
2008-03-14T12:00:00Z,GridPointRequestedAt[42.360N_71.058W],42.375,-71.125,276.3537
2008-03-15T12:00:00Z,GridPointRequestedAt[42.360N_71.058W],42.375,-71.125,275.22974
2008-03-16T12:00:00Z,GridPointRequestedAt[42.360N_71.058W],42.375,-71.125,276.57703
2008-03-17T12:00:00Z,GridPointRequestedAt[42.360N_71.058W],42.375,-71.125,278.11002
2008-03-18T12:00:00Z,GridPointRequestedAt[42.360N_71.058W],42.375,-71.125,279.44128
2008-03-19T12:00:00Z,GridPointRequestedAt[42.360N_71.058W],42.375,-71.125,278.02563
2008-03-20T12:00:00Z,GridPointRequestedAt[42.360N_71.058W],42.375,-71.125,279.95264
2008-03-21T12:00:00Z,GridPointRequestedAt[42.360N_71.058W],42.375,-71.125,281.14502
2008-03-22T12:00:00Z,GridPointRequestedAt[42.360N_71.058W],42.375,-71.125,283.78357
2008-03-23T12:00:00Z,GridPointRequestedAt[42.360N_71.058W],42.375,-71.125,287.56772
2008-03-24T12:00:00Z,GridPointRequestedAt[42.360N_71.058W],42.375,-71.125,277.7652
2008-03-25T12:00:00Z,GridPointRequestedAt[42.360N_71.058W],42.375,-71.125,275.41757
2008-03-26T12:00:00Z,GridPointRequestedAt[42.360N_71.058W],42.375,-71.125,278.6516
2008-03-27T12:00:00Z,GridPointRequestedAt[42.360N_71.058W],42.375,-71.125,279.7464
2008-03-28T12:00:00Z,GridPointRequestedAt[42.360N_71.058W],42.375,-71.125,282.58972
2008-03-29T12:00:00Z,GridPointRequestedAt[42.360N_71.058W],42.375,-71.125,281.55484
2008-03-30T12:00:00Z,GridPointRequestedAt[42.360N_71.058W],42.375,-71.125,278.94904
2008-04-01T12:00:00Z,GridPointRequestedAt[42.360N_71.058W],42.375,-71.125,276.61078
2008-04-02T12:00:00Z,GridPointRequestedAt[42.360N_71.058W],42.375,-71.125,276.76846
2008-04-03T12:00:00Z,GridPointRequestedAt[42.360N_71.058W],42.375,-71.125,272.44568
2008-04-04T12:00:00Z,GridPointRequestedAt[42.360N_71.058W],42.375,-71.125,271.42725
2008-04-05T12:00:00Z,GridPointRequestedAt[42.360N_71.058W],42.375,-71.125,275.75443
2008-04-06T12:00:00Z,GridPointRequestedAt[42.360N_71.058W],42.375,-71.125,281.6511
2008-04-07T12:00:00Z,GridPointRequestedAt[42.360N_71.058W],42.375,-71.125,280.10718
2008-04-08T12:00:00Z,GridPointRequestedAt[42.360N_71.058W],42.375,-71.125,284.33246
2008-04-09T12:00:00Z,GridPointRequestedAt[42.360N_71.058W],42.375,-71.125,289.63617
2008-04-10T12:00:00Z,GridPointRequestedAt[42.360N_71.058W],42.375,-71.125,284.41205
2008-04-11T12:00:00Z,GridPointRequestedAt[42.360N_71.058W],42.375,-71.125,281.65875
2008-04-12T12:00:00Z,GridPointRequestedAt[42.360N_71.058W],42.375,-71.125,283.6502
2008-04-13T12:00:00Z,GridPointRequestedAt[42.360N_71.058W],42.375,-71.125,284.98972
2008-04-14T12:00:00Z,GridPointRequestedAt[42.360N_71.058W],42.375,-71.125,287.0409
2008-04-15T12:00:00Z,GridPointRequestedAt[42.360N_71.058W],42.375,-71.125,280.09607
2008-04-16T12:00:00Z,GridPointRequestedAt[42.360N_71.058W],42.375,-71.125,279.2267
2008-04-17T12:00:00Z,GridPointRequestedAt[42.360N_71.058W],42.375,-71.125,280.20874
2008-04-18T12:00:00Z,GridPointRequestedAt[42.360N_71.058W],42.375,-71.125,284.19592
2008-04-19T12:00:00Z,GridPointRequestedAt[42.360N_71.058W],42.375,-71.125,284.29382
2008-04-20T12:00:00Z,GridPointRequestedAt[42.360N_71.058W],42.375,-71.125,284.8228
2008-04-21T12:00:00Z,GridPointRequestedAt[42.360N_71.058W],42.375,-71.125,286.39465
2008-04-22T12:00:00Z,GridPointRequestedAt[42.360N_71.058W],42.375,-71.125,285.19766
2008-04-23T12:00:00Z,GridPointRequestedAt[42.360N_71.058W],42.375,-71.125,284.45474
2008-04-24T12:00:00Z,GridPointRequestedAt[42.360N_71.058W],42.375,-71.125,286.4867
2008-04-25T12:00:00Z,GridPointRequestedAt[42.360N_71.058W],42.375,-71.125,284.47278
2008-04-26T12:00:00Z,GridPointRequestedAt[42.360N_71.058W],42.375,-71.125,284.4607
2008-04-27T12:00:00Z,GridPointRequestedAt[42.360N_71.058W],42.375,-71.125,283.65167
2008-04-28T12:00:00Z,GridPointRequestedAt[42.360N_71.058W],42.375,-71.125,286.33545
2008-04-29T12:00:00Z,GridPointRequestedAt[42.360N_71.058W],42.375,-71.125,288.42163
2008-04-30T12:00:00Z,GridPointRequestedAt[42.360N_71.058W],42.375,-71.125,287.82697
2008-05-01T12:00:00Z,GridPointRequestedAt[42.360N_71.058W],42.375,-71.125,287.96948
2008-05-02T12:00:00Z,GridPointRequestedAt[42.360N_71.058W],42.375,-71.125,287.46902
2008-05-03T12:00:00Z,GridPointRequestedAt[42.360N_71.058W],42.375,-71.125,284.1008
2008-05-04T12:00:00Z,GridPointRequestedAt[42.360N_71.058W],42.375,-71.125,283.7824
2008-05-05T12:00:00Z,GridPointRequestedAt[42.360N_71.058W],42.375,-71.125,284.74188
2008-05-06T12:00:00Z,GridPointRequestedAt[42.360N_71.058W],42.375,-71.125,285.69336
2008-05-07T12:00:00Z,GridPointRequestedAt[42.360N_71.058W],42.375,-71.125,286.92554
2008-05-08T12:00:00Z,GridPointRequestedAt[42.360N_71.058W],42.375,-71.125,287.6943
2008-05-09T12:00:00Z,GridPointRequestedAt[42.360N_71.058W],42.375,-71.125,286.248
2008-05-10T12:00:00Z,GridPointRequestedAt[42.360N_71.058W],42.375,-71.125,286.07526
2008-05-11T12:00:00Z,GridPointRequestedAt[42.360N_71.058W],42.375,-71.125,286.42432
2008-05-12T12:00:00Z,GridPointRequestedAt[42.360N_71.058W],42.375,-71.125,288.58374
2008-05-13T12:00:00Z,GridPointRequestedAt[42.360N_71.058W],42.375,-71.125,288.82587
2008-05-14T12:00:00Z,GridPointRequestedAt[42.360N_71.058W],42.375,-71.125,290.85852
2008-05-15T12:00:00Z,GridPointRequestedAt[42.360N_71.058W],42.375,-71.125,292.78473
2008-05-16T12:00:00Z,GridPointRequestedAt[42.360N_71.058W],42.375,-71.125,292.81595
2008-05-17T12:00:00Z,GridPointRequestedAt[42.360N_71.058W],42.375,-71.125,290.00452
2008-05-18T12:00:00Z,GridPointRequestedAt[42.360N_71.058W],42.375,-71.125,291.35352
2008-05-19T12:00:00Z,GridPointRequestedAt[42.360N_71.058W],42.375,-71.125,289.6646
2008-05-20T12:00:00Z,GridPointRequestedAt[42.360N_71.058W],42.375,-71.125,289.57892
2008-05-21T12:00:00Z,GridPointRequestedAt[42.360N_71.058W],42.375,-71.125,288.21246
2008-05-22T12:00:00Z,GridPointRequestedAt[42.360N_71.058W],42.375,-71.125,287.98584
2008-05-23T12:00:00Z,GridPointRequestedAt[42.360N_71.058W],42.375,-71.125,286.65576
2008-05-24T12:00:00Z,GridPointRequestedAt[42.360N_71.058W],42.375,-71.125,285.8797
2008-05-25T12:00:00Z,GridPointRequestedAt[42.360N_71.058W],42.375,-71.125,289.0119
2008-05-26T12:00:00Z,GridPointRequestedAt[42.360N_71.058W],42.375,-71.125,287.50128
2008-05-27T12:00:00Z,GridPointRequestedAt[42.360N_71.058W],42.375,-71.125,287.07333
2008-05-28T12:00:00Z,GridPointRequestedAt[42.360N_71.058W],42.375,-71.125,287.49973
2008-05-29T12:00:00Z,GridPointRequestedAt[42.360N_71.058W],42.375,-71.125,289.02454
2008-05-30T12:00:00Z,GridPointRequestedAt[42.360N_71.058W],42.375,-71.125,291.0661
2008-06-01T12:00:00Z,GridPointRequestedAt[42.360N_71.058W],42.375,-71.125,290.88882
2008-06-02T12:00:00Z,GridPointRequestedAt[42.360N_71.058W],42.375,-71.125,289.11563
2008-06-03T12:00:00Z,GridPointRequestedAt[42.360N_71.058W],42.375,-71.125,289.63843
2008-06-04T12:00:00Z,GridPointRequestedAt[42.360N_71.058W],42.375,-71.125,288.37335
2008-06-05T12:00:00Z,GridPointRequestedAt[42.360N_71.058W],42.375,-71.125,289.57388
2008-06-06T12:00:00Z,GridPointRequestedAt[42.360N_71.058W],42.375,-71.125,294.54578
2008-06-07T12:00:00Z,GridPointRequestedAt[42.360N_71.058W],42.375,-71.125,292.58026
2008-06-08T12:00:00Z,GridPointRequestedAt[42.360N_71.058W],42.375,-71.125,294.79608
2008-06-09T12:00:00Z,GridPointRequestedAt[42.360N_71.058W],42.375,-71.125,294.67783
2008-06-10T12:00:00Z,GridPointRequestedAt[42.360N_71.058W],42.375,-71.125,293.76248
2008-06-11T12:00:00Z,GridPointRequestedAt[42.360N_71.058W],42.375,-71.125,294.22903
2008-06-12T12:00:00Z,GridPointRequestedAt[42.360N_71.058W],42.375,-71.125,297.50574
2008-06-13T12:00:00Z,GridPointRequestedAt[42.360N_71.058W],42.375,-71.125,293.36398
2008-06-14T12:00:00Z,GridPointRequestedAt[42.360N_71.058W],42.375,-71.125,292.47668
2008-06-15T12:00:00Z,GridPointRequestedAt[42.360N_71.058W],42.375,-71.125,291.3117
2008-06-16T12:00:00Z,GridPointRequestedAt[42.360N_71.058W],42.375,-71.125,291.25195
2008-06-17T12:00:00Z,GridPointRequestedAt[42.360N_71.058W],42.375,-71.125,293.0855
2008-06-18T12:00:00Z,GridPointRequestedAt[42.360N_71.058W],42.375,-71.125,292.86322
2008-06-19T12:00:00Z,GridPointRequestedAt[42.360N_71.058W],42.375,-71.125,293.29883
2008-06-20T12:00:00Z,GridPointRequestedAt[42.360N_71.058W],42.375,-71.125,292.31268
2008-06-21T12:00:00Z,GridPointRequestedAt[42.360N_71.058W],42.375,-71.125,293.3468
2008-06-22T12:00:00Z,GridPointRequestedAt[42.360N_71.058W],42.375,-71.125,292.7956
2008-06-23T12:00:00Z,GridPointRequestedAt[42.360N_71.058W],42.375,-71.125,293.63602
2008-06-24T12:00:00Z,GridPointRequestedAt[42.360N_71.058W],42.375,-71.125,293.9407
2008-06-25T12:00:00Z,GridPointRequestedAt[42.360N_71.058W],42.375,-71.125,292.57367
2008-06-26T12:00:00Z,GridPointRequestedAt[42.360N_71.058W],42.375,-71.125,294.15634
2008-06-27T12:00:00Z,GridPointRequestedAt[42.360N_71.058W],42.375,-71.125,293.3824
2008-06-28T12:00:00Z,GridPointRequestedAt[42.360N_71.058W],42.375,-71.125,294.35333
2008-06-29T12:00:00Z,GridPointRequestedAt[42.360N_71.058W],42.375,-71.125,296.44177
2008-06-30T12:00:00Z,GridPointRequestedAt[42.360N_71.058W],42.375,-71.125,296.2116
2008-07-01T12:00:00Z,GridPointRequestedAt[42.360N_71.058W],42.375,-71.125,294.38812
2008-07-02T12:00:00Z,GridPointRequestedAt[42.360N_71.058W],42.375,-71.125,293.93253
2008-07-03T12:00:00Z,GridPointRequestedAt[42.360N_71.058W],42.375,-71.125,295.11874
2008-07-04T12:00:00Z,GridPointRequestedAt[42.360N_71.058W],42.375,-71.125,296.11603
2008-07-05T12:00:00Z,GridPointRequestedAt[42.360N_71.058W],42.375,-71.125,298.22552
2008-07-06T12:00:00Z,GridPointRequestedAt[42.360N_71.058W],42.375,-71.125,299.91913
2008-07-07T12:00:00Z,GridPointRequestedAt[42.360N_71.058W],42.375,-71.125,299.94943
2008-07-08T12:00:00Z,GridPointRequestedAt[42.360N_71.058W],42.375,-71.125,301.13812
2008-07-09T12:00:00Z,GridPointRequestedAt[42.360N_71.058W],42.375,-71.125,298.5362
2008-07-10T12:00:00Z,GridPointRequestedAt[42.360N_71.058W],42.375,-71.125,298.6702
2008-07-11T12:00:00Z,GridPointRequestedAt[42.360N_71.058W],42.375,-71.125,302.34995
2008-07-12T12:00:00Z,GridPointRequestedAt[42.360N_71.058W],42.375,-71.125,299.91364
2008-07-13T12:00:00Z,GridPointRequestedAt[42.360N_71.058W],42.375,-71.125,298.74866
2008-07-14T12:00:00Z,GridPointRequestedAt[42.360N_71.058W],42.375,-71.125,297.33636
2008-07-15T12:00:00Z,GridPointRequestedAt[42.360N_71.058W],42.375,-71.125,297.45926
2008-07-16T12:00:00Z,GridPointRequestedAt[42.360N_71.058W],42.375,-71.125,301.48224
2008-07-17T12:00:00Z,GridPointRequestedAt[42.360N_71.058W],42.375,-71.125,300.60345
2008-07-18T12:00:00Z,GridPointRequestedAt[42.360N_71.058W],42.375,-71.125,298.29266
2008-07-19T12:00:00Z,GridPointRequestedAt[42.360N_71.058W],42.375,-71.125,297.5755
2008-07-20T12:00:00Z,GridPointRequestedAt[42.360N_71.058W],42.375,-71.125,301.48065
2008-07-21T12:00:00Z,GridPointRequestedAt[42.360N_71.058W],42.375,-71.125,295.64206
2008-07-22T12:00:00Z,GridPointRequestedAt[42.360N_71.058W],42.375,-71.125,294.6243
2008-07-23T12:00:00Z,GridPointRequestedAt[42.360N_71.058W],42.375,-71.125,294.0675
2008-07-24T12:00:00Z,GridPointRequestedAt[42.360N_71.058W],42.375,-71.125,295.63623
2008-07-25T12:00:00Z,GridPointRequestedAt[42.360N_71.058W],42.375,-71.125,297.99203
2008-07-26T12:00:00Z,GridPointRequestedAt[42.360N_71.058W],42.375,-71.125,297.28168
2008-07-27T12:00:00Z,GridPointRequestedAt[42.360N_71.058W],42.375,-71.125,295.78204
2008-07-28T12:00:00Z,GridPointRequestedAt[42.360N_71.058W],42.375,-71.125,296.03473
2008-07-29T12:00:00Z,GridPointRequestedAt[42.360N_71.058W],42.375,-71.125,294.96704
2008-07-30T12:00:00Z,GridPointRequestedAt[42.360N_71.058W],42.375,-71.125,293.99493
2008-08-01T12:00:00Z,GridPointRequestedAt[42.360N_71.058W],42.375,-71.125,294.76505
2008-08-02T12:00:00Z,GridPointRequestedAt[42.360N_71.058W],42.375,-71.125,295.70303
2008-08-03T12:00:00Z,GridPointRequestedAt[42.360N_71.058W],42.375,-71.125,294.971
2008-08-04T12:00:00Z,GridPointRequestedAt[42.360N_71.058W],42.375,-71.125,299.14386
2008-08-05T12:00:00Z,GridPointRequestedAt[42.360N_71.058W],42.375,-71.125,295.50458
2008-08-06T12:00:00Z,GridPointRequestedAt[42.360N_71.058W],42.375,-71.125,294.4319
2008-08-07T12:00:00Z,GridPointRequestedAt[42.360N_71.058W],42.375,-71.125,294.636
2008-08-08T12:00:00Z,GridPointRequestedAt[42.360N_71.058W],42.375,-71.125,298.6909
2008-08-09T12:00:00Z,GridPointRequestedAt[42.360N_71.058W],42.375,-71.125,299.2
2008-08-10T12:00:00Z,GridPointRequestedAt[42.360N_71.058W],42.375,-71.125,297.4301
2008-08-11T12:00:00Z,GridPointRequestedAt[42.360N_71.058W],42.375,-71.125,297.08582
2008-08-12T12:00:00Z,GridPointRequestedAt[42.360N_71.058W],42.375,-71.125,296.73785
2008-08-13T12:00:00Z,GridPointRequestedAt[42.360N_71.058W],42.375,-71.125,296.43307
2008-08-14T12:00:00Z,GridPointRequestedAt[42.360N_71.058W],42.375,-71.125,296.42407
2008-08-15T12:00:00Z,GridPointRequestedAt[42.360N_71.058W],42.375,-71.125,297.1089
2008-08-16T12:00:00Z,GridPointRequestedAt[42.360N_71.058W],42.375,-71.125,295.34637
2008-08-17T12:00:00Z,GridPointRequestedAt[42.360N_71.058W],42.375,-71.125,294.0575
2008-08-18T12:00:00Z,GridPointRequestedAt[42.360N_71.058W],42.375,-71.125,293.18353
2008-08-19T12:00:00Z,GridPointRequestedAt[42.360N_71.058W],42.375,-71.125,293.6845
2008-08-20T12:00:00Z,GridPointRequestedAt[42.360N_71.058W],42.375,-71.125,295.09393
2008-08-21T12:00:00Z,GridPointRequestedAt[42.360N_71.058W],42.375,-71.125,296.06934
2008-08-22T12:00:00Z,GridPointRequestedAt[42.360N_71.058W],42.375,-71.125,296.03348
2008-08-23T12:00:00Z,GridPointRequestedAt[42.360N_71.058W],42.375,-71.125,295.73868
2008-08-24T12:00:00Z,GridPointRequestedAt[42.360N_71.058W],42.375,-71.125,294.9057
2008-08-25T12:00:00Z,GridPointRequestedAt[42.360N_71.058W],42.375,-71.125,297.08514
2008-08-26T12:00:00Z,GridPointRequestedAt[42.360N_71.058W],42.375,-71.125,299.68933
2008-08-27T12:00:00Z,GridPointRequestedAt[42.360N_71.058W],42.375,-71.125,295.3914
2008-08-28T12:00:00Z,GridPointRequestedAt[42.360N_71.058W],42.375,-71.125,294.88034
2008-08-29T12:00:00Z,GridPointRequestedAt[42.360N_71.058W],42.375,-71.125,293.04578
2008-08-30T12:00:00Z,GridPointRequestedAt[42.360N_71.058W],42.375,-71.125,293.622
2008-09-01T12:00:00Z,GridPointRequestedAt[42.360N_71.058W],42.375,-71.125,297.96442
2008-09-02T12:00:00Z,GridPointRequestedAt[42.360N_71.058W],42.375,-71.125,298.97485
2008-09-03T12:00:00Z,GridPointRequestedAt[42.360N_71.058W],42.375,-71.125,298.63165
2008-09-04T12:00:00Z,GridPointRequestedAt[42.360N_71.058W],42.375,-71.125,293.57516
2008-09-05T12:00:00Z,GridPointRequestedAt[42.360N_71.058W],42.375,-71.125,293.31696
2008-09-06T12:00:00Z,GridPointRequestedAt[42.360N_71.058W],42.375,-71.125,293.92447
2008-09-07T12:00:00Z,GridPointRequestedAt[42.360N_71.058W],42.375,-71.125,296.35455
2008-09-08T12:00:00Z,GridPointRequestedAt[42.360N_71.058W],42.375,-71.125,296.51938
2008-09-09T12:00:00Z,GridPointRequestedAt[42.360N_71.058W],42.375,-71.125,297.56116
2008-09-10T12:00:00Z,GridPointRequestedAt[42.360N_71.058W],42.375,-71.125,299.35437
2008-09-11T12:00:00Z,GridPointRequestedAt[42.360N_71.058W],42.375,-71.125,298.29355
2008-09-12T12:00:00Z,GridPointRequestedAt[42.360N_71.058W],42.375,-71.125,292.68872
2008-09-13T12:00:00Z,GridPointRequestedAt[42.360N_71.058W],42.375,-71.125,291.91446
2008-09-14T12:00:00Z,GridPointRequestedAt[42.360N_71.058W],42.375,-71.125,294.07684
2008-09-15T12:00:00Z,GridPointRequestedAt[42.360N_71.058W],42.375,-71.125,294.8075
2008-09-16T12:00:00Z,GridPointRequestedAt[42.360N_71.058W],42.375,-71.125,298.10355
2008-09-17T12:00:00Z,GridPointRequestedAt[42.360N_71.058W],42.375,-71.125,297.68024
2008-09-18T12:00:00Z,GridPointRequestedAt[42.360N_71.058W],42.375,-71.125,299.29224
2008-09-19T12:00:00Z,GridPointRequestedAt[42.360N_71.058W],42.375,-71.125,295.15408
2008-09-20T12:00:00Z,GridPointRequestedAt[42.360N_71.058W],42.375,-71.125,293.01294
2008-09-21T12:00:00Z,GridPointRequestedAt[42.360N_71.058W],42.375,-71.125,292.33246
2008-09-22T12:00:00Z,GridPointRequestedAt[42.360N_71.058W],42.375,-71.125,292.0743
2008-09-23T12:00:00Z,GridPointRequestedAt[42.360N_71.058W],42.375,-71.125,292.03577
2008-09-24T12:00:00Z,GridPointRequestedAt[42.360N_71.058W],42.375,-71.125,292.9039
2008-09-25T12:00:00Z,GridPointRequestedAt[42.360N_71.058W],42.375,-71.125,293.83392
2008-09-26T12:00:00Z,GridPointRequestedAt[42.360N_71.058W],42.375,-71.125,294.91357
2008-09-27T12:00:00Z,GridPointRequestedAt[42.360N_71.058W],42.375,-71.125,288.98187
2008-09-28T12:00:00Z,GridPointRequestedAt[42.360N_71.058W],42.375,-71.125,288.2425
2008-09-29T12:00:00Z,GridPointRequestedAt[42.360N_71.058W],42.375,-71.125,292.37555
2008-09-30T12:00:00Z,GridPointRequestedAt[42.360N_71.058W],42.375,-71.125,294.37015
2008-10-01T12:00:00Z,GridPointRequestedAt[42.360N_71.058W],42.375,-71.125,289.4
2008-10-02T12:00:00Z,GridPointRequestedAt[42.360N_71.058W],42.375,-71.125,289.40027
2008-10-03T12:00:00Z,GridPointRequestedAt[42.360N_71.058W],42.375,-71.125,292.96155
2008-10-04T12:00:00Z,GridPointRequestedAt[42.360N_71.058W],42.375,-71.125,293.98035
2008-10-05T12:00:00Z,GridPointRequestedAt[42.360N_71.058W],42.375,-71.125,289.21594
2008-10-06T12:00:00Z,GridPointRequestedAt[42.360N_71.058W],42.375,-71.125,288.8581
2008-10-07T12:00:00Z,GridPointRequestedAt[42.360N_71.058W],42.375,-71.125,288.78775
2008-10-08T12:00:00Z,GridPointRequestedAt[42.360N_71.058W],42.375,-71.125,291.7837
2008-10-09T12:00:00Z,GridPointRequestedAt[42.360N_71.058W],42.375,-71.125,288.70865
2008-10-10T12:00:00Z,GridPointRequestedAt[42.360N_71.058W],42.375,-71.125,287.85425
2008-10-11T12:00:00Z,GridPointRequestedAt[42.360N_71.058W],42.375,-71.125,285.65613
2008-10-12T12:00:00Z,GridPointRequestedAt[42.360N_71.058W],42.375,-71.125,285.29248
2008-10-13T12:00:00Z,GridPointRequestedAt[42.360N_71.058W],42.375,-71.125,285.12503
2008-10-14T12:00:00Z,GridPointRequestedAt[42.360N_71.058W],42.375,-71.125,288.54758
2008-10-15T12:00:00Z,GridPointRequestedAt[42.360N_71.058W],42.375,-71.125,288.7212
2008-10-16T12:00:00Z,GridPointRequestedAt[42.360N_71.058W],42.375,-71.125,288.11395
2008-10-17T12:00:00Z,GridPointRequestedAt[42.360N_71.058W],42.375,-71.125,288.81055
2008-10-18T12:00:00Z,GridPointRequestedAt[42.360N_71.058W],42.375,-71.125,289.06522
2008-10-19T12:00:00Z,GridPointRequestedAt[42.360N_71.058W],42.375,-71.125,289.5395
2008-10-20T12:00:00Z,GridPointRequestedAt[42.360N_71.058W],42.375,-71.125,284.80145
2008-10-21T12:00:00Z,GridPointRequestedAt[42.360N_71.058W],42.375,-71.125,282.51086
2008-10-22T12:00:00Z,GridPointRequestedAt[42.360N_71.058W],42.375,-71.125,283.78323
2008-10-23T12:00:00Z,GridPointRequestedAt[42.360N_71.058W],42.375,-71.125,284.0395
2008-10-24T12:00:00Z,GridPointRequestedAt[42.360N_71.058W],42.375,-71.125,284.0998
2008-10-25T12:00:00Z,GridPointRequestedAt[42.360N_71.058W],42.375,-71.125,284.8042
2008-10-26T12:00:00Z,GridPointRequestedAt[42.360N_71.058W],42.375,-71.125,285.243
2008-10-27T12:00:00Z,GridPointRequestedAt[42.360N_71.058W],42.375,-71.125,284.51486
2008-10-28T12:00:00Z,GridPointRequestedAt[42.360N_71.058W],42.375,-71.125,286.2652
2008-10-29T12:00:00Z,GridPointRequestedAt[42.360N_71.058W],42.375,-71.125,287.97327
2008-10-30T12:00:00Z,GridPointRequestedAt[42.360N_71.058W],42.375,-71.125,288.52423
2008-11-01T12:00:00Z,GridPointRequestedAt[42.360N_71.058W],42.375,-71.125,286.35287
2008-11-02T12:00:00Z,GridPointRequestedAt[42.360N_71.058W],42.375,-71.125,287.23407
2008-11-03T12:00:00Z,GridPointRequestedAt[42.360N_71.058W],42.375,-71.125,289.08194
2008-11-04T12:00:00Z,GridPointRequestedAt[42.360N_71.058W],42.375,-71.125,286.83234
2008-11-05T12:00:00Z,GridPointRequestedAt[42.360N_71.058W],42.375,-71.125,286.80347
2008-11-06T12:00:00Z,GridPointRequestedAt[42.360N_71.058W],42.375,-71.125,288.6712
2008-11-07T12:00:00Z,GridPointRequestedAt[42.360N_71.058W],42.375,-71.125,285.17746
2008-11-08T12:00:00Z,GridPointRequestedAt[42.360N_71.058W],42.375,-71.125,283.24463
2008-11-09T12:00:00Z,GridPointRequestedAt[42.360N_71.058W],42.375,-71.125,282.18726
2008-11-10T12:00:00Z,GridPointRequestedAt[42.360N_71.058W],42.375,-71.125,281.346
2008-11-11T12:00:00Z,GridPointRequestedAt[42.360N_71.058W],42.375,-71.125,279.156
2008-11-12T12:00:00Z,GridPointRequestedAt[42.360N_71.058W],42.375,-71.125,280.6027
2008-11-13T12:00:00Z,GridPointRequestedAt[42.360N_71.058W],42.375,-71.125,282.28574
2008-11-14T12:00:00Z,GridPointRequestedAt[42.360N_71.058W],42.375,-71.125,282.41882
2008-11-15T12:00:00Z,GridPointRequestedAt[42.360N_71.058W],42.375,-71.125,283.91852
2008-11-16T12:00:00Z,GridPointRequestedAt[42.360N_71.058W],42.375,-71.125,282.79813
2008-11-17T12:00:00Z,GridPointRequestedAt[42.360N_71.058W],42.375,-71.125,284.55713
2008-11-18T12:00:00Z,GridPointRequestedAt[42.360N_71.058W],42.375,-71.125,286.97983
2008-11-19T12:00:00Z,GridPointRequestedAt[42.360N_71.058W],42.375,-71.125,284.60327
2008-11-20T12:00:00Z,GridPointRequestedAt[42.360N_71.058W],42.375,-71.125,282.63092
2008-11-21T12:00:00Z,GridPointRequestedAt[42.360N_71.058W],42.375,-71.125,280.59305
2008-11-22T12:00:00Z,GridPointRequestedAt[42.360N_71.058W],42.375,-71.125,278.2807
2008-11-23T12:00:00Z,GridPointRequestedAt[42.360N_71.058W],42.375,-71.125,278.64124
2008-11-24T12:00:00Z,GridPointRequestedAt[42.360N_71.058W],42.375,-71.125,281.30005
2008-11-25T12:00:00Z,GridPointRequestedAt[42.360N_71.058W],42.375,-71.125,275.92123
2008-11-26T12:00:00Z,GridPointRequestedAt[42.360N_71.058W],42.375,-71.125,273.83246
2008-11-27T12:00:00Z,GridPointRequestedAt[42.360N_71.058W],42.375,-71.125,273.93372
2008-11-28T12:00:00Z,GridPointRequestedAt[42.360N_71.058W],42.375,-71.125,279.1595
2008-11-29T12:00:00Z,GridPointRequestedAt[42.360N_71.058W],42.375,-71.125,278.34167
2008-11-30T12:00:00Z,GridPointRequestedAt[42.360N_71.058W],42.375,-71.125,274.3247
2008-12-01T12:00:00Z,GridPointRequestedAt[42.360N_71.058W],42.375,-71.125,276.31683
2008-12-02T12:00:00Z,GridPointRequestedAt[42.360N_71.058W],42.375,-71.125,276.58594
2008-12-03T12:00:00Z,GridPointRequestedAt[42.360N_71.058W],42.375,-71.125,273.43716
2008-12-04T12:00:00Z,GridPointRequestedAt[42.360N_71.058W],42.375,-71.125,274.16992
2008-12-05T12:00:00Z,GridPointRequestedAt[42.360N_71.058W],42.375,-71.125,273.86584
2008-12-06T12:00:00Z,GridPointRequestedAt[42.360N_71.058W],42.375,-71.125,277.57635
2008-12-07T12:00:00Z,GridPointRequestedAt[42.360N_71.058W],42.375,-71.125,280.07123
2008-12-08T12:00:00Z,GridPointRequestedAt[42.360N_71.058W],42.375,-71.125,276.0429
2008-12-09T12:00:00Z,GridPointRequestedAt[42.360N_71.058W],42.375,-71.125,275.1508
2008-12-10T12:00:00Z,GridPointRequestedAt[42.360N_71.058W],42.375,-71.125,273.0888
2008-12-11T12:00:00Z,GridPointRequestedAt[42.360N_71.058W],42.375,-71.125,272.303
2008-12-12T12:00:00Z,GridPointRequestedAt[42.360N_71.058W],42.375,-71.125,274.52454
2008-12-13T12:00:00Z,GridPointRequestedAt[42.360N_71.058W],42.375,-71.125,279.66022
2008-12-14T12:00:00Z,GridPointRequestedAt[42.360N_71.058W],42.375,-71.125,283.9547
2008-12-15T12:00:00Z,GridPointRequestedAt[42.360N_71.058W],42.375,-71.125,282.95847
2008-12-16T12:00:00Z,GridPointRequestedAt[42.360N_71.058W],42.375,-71.125,279.54456
2008-12-17T12:00:00Z,GridPointRequestedAt[42.360N_71.058W],42.375,-71.125,277.16345
2008-12-18T12:00:00Z,GridPointRequestedAt[42.360N_71.058W],42.375,-71.125,274.57776
2008-12-19T12:00:00Z,GridPointRequestedAt[42.360N_71.058W],42.375,-71.125,273.22375
2008-12-20T12:00:00Z,GridPointRequestedAt[42.360N_71.058W],42.375,-71.125,276.5691
2008-12-21T12:00:00Z,GridPointRequestedAt[42.360N_71.058W],42.375,-71.125,271.786
2008-12-22T12:00:00Z,GridPointRequestedAt[42.360N_71.058W],42.375,-71.125,270.5675
2008-12-23T12:00:00Z,GridPointRequestedAt[42.360N_71.058W],42.375,-71.125,274.61823
2008-12-24T12:00:00Z,GridPointRequestedAt[42.360N_71.058W],42.375,-71.125,277.24796
2008-12-25T12:00:00Z,GridPointRequestedAt[42.360N_71.058W],42.375,-71.125,277.84378
2008-12-26T12:00:00Z,GridPointRequestedAt[42.360N_71.058W],42.375,-71.125,278.69995
2008-12-27T12:00:00Z,GridPointRequestedAt[42.360N_71.058W],42.375,-71.125,276.2924
2008-12-28T12:00:00Z,GridPointRequestedAt[42.360N_71.058W],42.375,-71.125,273.56842
2008-12-29T12:00:00Z,GridPointRequestedAt[42.360N_71.058W],42.375,-71.125,274.26923
2008-12-30T12:00:00Z,GridPointRequestedAt[42.360N_71.058W],42.375,-71.125,274.74133
